id	length	trigger_refs	text
1	15	0	[미궁] A to Z
2	161	0	Map. RnRkRb\r\n\r\nQuestion.\r\nAftershock.　Leeroy_Jenkins　Teru-　Tic_Tac_Toc　-WaterDog-　Winterest　wnsrlqkq\r\n\r\n컴퓨터 자리 금지\r\n방제 배속 금지
3	16	0	Artanis & safhfh
4	6	0	Player
5	22	0	cafe.naver.com/quizfam
6	7	0	Force 3
7	7	0	Force 4
8	48	0	<13><1E>배속 플레이는 금지하고 있습니다.
9	8	0	M0_0.ogg
10	8	0	M0_1.ogg
11	8	0	M0_2.ogg
12	8	0	M0_3.ogg
13	8	0	M0_4.ogg
14	8	0	M0_5.ogg
15	8	0	M0_6.ogg
16	8	0	M0_7.ogg
17	8	0	M0_8.ogg
18	8	0	M0_9.ogg
19	9	0	M0_10.ogg
20	9	0	M0_11.ogg
21	9	0	M0_12.ogg
22	9	0	M0_13.ogg
23	9	0	M0_14.ogg
24	9	0	M0_15.ogg
25	9	0	M0_16.ogg
26	9	0	M0_17.ogg
27	9	0	M0_18.ogg
28	9	0	M0_19.ogg
29	9	0	M0_20.ogg
30	9	0	M0_21.ogg
31	9	0	M0_22.ogg
32	9	0	M0_23.ogg
33	9	0	M0_24.ogg
34	9	0	M0_25.ogg
35	9	0	M0_26.ogg
36	9	0	M0_27.ogg
37	9	0	M0_28.ogg
38	9	0	M0_29.ogg
39	9	0	M0_30.ogg
40	9	0	M0_31.ogg
41	9	0	M0_32.ogg
42	9	0	M0_33.ogg
43	9	0	M0_34.ogg
44	9	0	M0_35.ogg
45	25	0	staredit\wav\NextPage.wav
46	29	0	staredit\wav\ButtonCursor.wav
47	28	0	staredit\wav\ButtonClick.wav
48	24	0	staredit\wav\Correct.wav
49	6	0	<1F>Teru-
50	9	0	<16>wnsrlqkq
51	15	0	<15>Leeroy_Jenkins
52	11	0	<0F>-WaterDog-
53	12	0	<08>Tic_Tac_Toc
54	12	0	<1C>Aftershock.
55	10	0	<04>Winterest
56	10	0	<15>GoMyamMii
57	7	0	<17>RnRkRb
58	9	0	M0_36.ogg
59	9	0	M0_37.ogg
60	9	0	M0_38.ogg
61	9	0	M0_39.ogg
62	9	0	M0_40.ogg
63	9	0	M0_41.ogg
64	9	0	M0_42.ogg
65	9	0	M0_43.ogg
66	9	0	M0_44.ogg
67	9	0	M0_45.ogg
68	9	0	M0_46.ogg
69	9	0	M0_47.ogg
70	9	0	M0_48.ogg
71	9	0	M0_49.ogg
72	9	0	M0_50.ogg
73	9	0	M0_51.ogg
74	9	0	M0_52.ogg
75	9	0	M0_53.ogg
76	9	0	M0_54.ogg
77	9	0	M0_55.ogg
78	9	0	M0_56.ogg
79	9	0	M0_57.ogg
80	9	0	M0_58.ogg
81	9	0	M0_59.ogg
82	9	0	M0_60.ogg
83	9	0	M0_61.ogg
84	9	0	M0_62.ogg
85	9	0	M0_63.ogg
86	9	0	M0_64.ogg
87	9	0	M0_65.ogg
88	8	0	M1_0.ogg
89	8	0	M1_1.ogg
90	8	0	M1_2.ogg
91	8	0	M1_3.ogg
92	8	0	M1_4.ogg
93	8	0	M1_5.ogg
94	8	0	M1_6.ogg
95	8	0	M1_7.ogg
96	8	0	M1_8.ogg
97	8	0	M1_9.ogg
98	9	0	M1_10.ogg
99	9	0	M1_11.ogg
100	9	0	M1_12.ogg
101	9	0	M1_13.ogg
102	9	0	M1_14.ogg
103	9	0	M1_15.ogg
104	9	0	M1_16.ogg
105	9	0	M1_17.ogg
106	9	0	M1_18.ogg
107	9	0	M1_19.ogg
108	9	0	M1_20.ogg
109	9	0	M1_21.ogg
110	9	0	M1_22.ogg
111	9	0	M1_23.ogg
112	9	0	M1_24.ogg
113	9	0	M1_25.ogg
114	9	0	M1_26.ogg
115	9	0	M1_27.ogg
116	9	0	M1_28.ogg
117	9	0	M1_29.ogg
118	9	0	M1_30.ogg
119	9	0	M1_31.ogg
120	9	0	M1_32.ogg
121	9	0	M1_33.ogg
122	9	0	M1_34.ogg
123	9	0	M1_35.ogg
124	9	0	M1_36.ogg
125	9	0	M1_37.ogg
126	9	0	M1_38.ogg
127	9	0	M1_39.ogg
128	9	0	M1_40.ogg
129	9	0	M1_41.ogg
130	9	0	M1_42.ogg
131	9	0	M1_43.ogg
132	9	0	M1_44.ogg
133	9	0	M1_45.ogg
134	9	0	M1_46.ogg
135	9	0	M1_47.ogg
136	9	0	M1_48.ogg
137	9	0	M1_49.ogg
138	9	0	M1_50.ogg
139	9	0	M1_51.ogg
140	9	0	M1_52.ogg
141	9	0	M1_53.ogg
142	9	0	M1_54.ogg
143	9	0	M1_55.ogg
144	9	0	M1_56.ogg
145	9	0	M1_57.ogg
146	9	0	M1_58.ogg
147	9	0	M1_59.ogg
148	9	0	M1_60.ogg
149	9	0	M1_61.ogg
150	9	0	M1_62.ogg
151	9	0	M1_63.ogg
152	9	0	M1_64.ogg
153	9	0	M1_65.ogg
154	9	0	M1_66.ogg
155	9	0	M1_67.ogg
156	9	0	M1_68.ogg
157	9	0	M1_69.ogg
158	9	0	M1_70.ogg
159	9	0	M1_71.ogg
160	9	0	M1_72.ogg
161	9	0	M1_73.ogg
162	9	0	M1_74.ogg
163	9	0	M1_75.ogg
164	9	0	M1_76.ogg
165	9	0	M1_77.ogg
166	9	0	M1_78.ogg
167	9	0	M1_79.ogg
168	9	0	M1_80.ogg
169	9	0	M1_81.ogg
170	891	0	<13><04>Ａ　　　　　　　　　　　　　　　　　　　　　　　　　\n<13><04>　　　　　　　　　　　　　　　　　　　　　　　　　　\n<13><04>　　　　　　　　　　　　　　　　　　　　　　　　　　\n<13><04>　　　　　　　　　　　　　　　　　　　　　　　　　　\n<13><04>　　　　　　　　　　　　　　　　　　　　　　　　　　\n<13><04>　　　　　　　　　　　　　　　　　　　　　　　　　　\n<13><04>　　　　　　　　　　　　　　　　　　　　　　　　　　\n<13><04>　　　　　　　　　　　　　　　　　　　　　　　　　　\n<13><04>　　　　　　　　　　　　　　　　　　　　　　　　　　\n<13><04>　　　　　　　　　　　　　　　　　　　　　　　　　　\n<13><04>　　　　　　　　　　　　　　　　　　　　　　　　　　\n
171	891	0	<13><04>　Ｂ　　　　　　　　　　　　　　　　　　　　　　　　\n<13><04>Ａ　　　　　　　　　　　　　　　　　　　　　　　　　\n<13><04>　　　　　　　　　　　　　　　　　　　　　　　　　　\n<13><04>　　　　　　　　　　　　　　　　　　　　　　　　　　\n<13><04>　　　　　　　　　　　　　　　　　　　　　　　　　　\n<13><04>　　　　　　　　　　　　　　　　　　　　　　　　　　\n<13><04>　　　　　　　　　　　　　　　　　　　　　　　　　　\n<13><04>　　　　　　　　　　　　　　　　　　　　　　　　　　\n<13><04>　　　　　　　　　　　　　　　　　　　　　　　　　　\n<13><04>　　　　　　　　　　　　　　　　　　　　　　　　　　\n<13><04>　　　　　　　　　　　　　　　　　　　　　　　　　　\n
172	891	0	<13><04>　　Ｃ　　　　　　　　　　　　　　　　　　　　　　　\n<13><04>　Ｂ　　　　　　　　　　　　　　　　　　　　　　　　\n<13><04>Ａ　　　　　　　　　　　　　　　　　　　　　　　　　\n<13><04>　　　　　　　　　　　　　　　　　　　　　　　　　　\n<13><04>　　　　　　　　　　　　　　　　　　　　　　　　　　\n<13><04>　　　　　　　　　　　　　　　　　　　　　　　　　　\n<13><04>　　　　　　　　　　　　　　　　　　　　　　　　　　\n<13><04>　　　　　　　　　　　　　　　　　　　　　　　　　　\n<13><04>　　　　　　　　　　　　　　　　　　　　　　　　　　\n<13><04>　　　　　　　　　　　　　　　　　　　　　　　　　　\n<13><04>　　　　　　　　　　　　　　　　　　　　　　　　　　\n
173	891	0	<13><04>　　　Ｄ　　　　　　　　　　　　　　　　　　　　　　\n<13><04>　　Ｃ　　　　　　　　　　　　　　　　　　　　　　　\n<13><04>　Ｂ　　　　　　　　　　　　　　　　　　　　　　　　\n<13><04>Ａ　　　　　　　　　　　　　　　　　　　　　　　　　\n<13><04>　　　　　　　　　　　　　　　　　　　　　　　　　　\n<13><04>　　　　　　　　　　　　　　　　　　　　　　　　　　\n<13><04>　　　　　　　　　　　　　　　　　　　　　　　　　　\n<13><04>　　　　　　　　　　　　　　　　　　　　　　　　　　\n<13><04>　　　　　　　　　　　　　　　　　　　　　　　　　　\n<13><04>　　　　　　　　　　　　　　　　　　　　　　　　　　\n<13><04>　　　　　　　　　　　　　　　　　　　　　　　　　　\n
174	891	0	<13><04>　　　　Ｅ　　　　　　　　　　　　　　　　　　　　　\n<13><04>　　　Ｄ　　　　　　　　　　　　　　　　　　　　　　\n<13><04>　　Ｃ　　　　　　　　　　　　　　　　　　　　　　　\n<13><04>　Ｂ　　　　　　　　　　　　　　　　　　　　　　　　\n<13><04>Ａ　　　　　　　　　　　　　　　　　　　　　　　　　\n<13><04>　　　　　　　　　　　　　　　　　　　　　　　　　　\n<13><04>　　　　　　　　　　　　　　　　　　　　　　　　　　\n<13><04>　　　　　　　　　　　　　　　　　　　　　　　　　　\n<13><04>　　　　　　　　　　　　　　　　　　　　　　　　　　\n<13><04>　　　　　　　　　　　　　　　　　　　　　　　　　　\n<13><04>　　　　　　　　　　　　　　　　　　　　　　　　　　\n
175	891	0	<13><04>　　　　　Ｆ　　　　　　　　　　　　　　　　　　　　\n<13><04>　　　　Ｅ　　　　　　　　　　　　　　　　　　　　　\n<13><04>　　　Ｄ　　　　　　　　　　　　　　　　　　　　　　\n<13><04>　　Ｃ　　　　　　　　　　　　　　　　　　　　　　　\n<13><04>　Ｂ　　　　　　　　　　　　　　　　　　　　　　　　\n<13><04>Ａ　　　　　　　　　　　　　　　　　　　　　　　　　\n<13><04>　　　　　　　　　　　　　　　　　　　　　　　　　　\n<13><04>　　　　　　　　　　　　　　　　　　　　　　　　　　\n<13><04>　　　　　　　　　　　　　　　　　　　　　　　　　　\n<13><04>　　　　　　　　　　　　　　　　　　　　　　　　　　\n<13><04>　　　　　　　　　　　　　　　　　　　　　　　　　　\n
176	891	0	<13><04>　　　　　　Ｇ　　　　　　　　　　　　　　　　　　　\n<13><04>　　　　　Ｆ　　　　　　　　　　　　　　　　　　　　\n<13><04>　　　　Ｅ　　　　　　　　　　　　　　　　　　　　　\n<13><04>　　　Ｄ　　　　　　　　　　　　　　　　　　　　　　\n<13><04>　　Ｃ　　　　　　　　　　　　　　　　　　　　　　　\n<13><04>　Ｂ　　　　　　　　　　　　　　　　　　　　　　　　\n<13><04>Ａ　　　　　　　　　　　　　　　　　　　　　　　　　\n<13><04>　　　　　　　　　　　　　　　　　　　　　　　　　　\n<13><04>　　　　　　　　　　　　　　　　　　　　　　　　　　\n<13><04>　　　　　　　　　　　　　　　　　　　　　　　　　　\n<13><04>　　　　　　　　　　　　　　　　　　　　　　　　　　\n
177	891	0	<13><04>　　　　　　　Ｈ　　　　　　　　　　　　　　　　　　\n<13><04>　　　　　　Ｇ　　　　　　　　　　　　　　　　　　　\n<13><04>　　　　　Ｆ　　　　　　　　　　　　　　　　　　　　\n<13><04>　　　　Ｅ　　　　　　　　　　　　　　　　　　　　　\n<13><04>　　　Ｄ　　　　　　　　　　　　　　　　　　　　　　\n<13><04>　　Ｃ　　　　　　　　　　　　　　　　　　　　　　　\n<13><04>　Ｂ　　　　　　　　　　　　　　　　　　　　　　　　\n<13><04>Ａ　　　　　　　　　　　　　　　　　　　　　　　　　\n<13><04>　　　　　　　　　　　　　　　　　　　　　　　　　　\n<13><04>　　　　　　　　　　　　　　　　　　　　　　　　　　\n<13><04>　　　　　　　　　　　　　　　　　　　　　　　　　　\n
178	891	0	<13><04>　　　　　　　　Ｉ　　　　　　　　　　　　　　　　　\n<13><04>　　　　　　　Ｈ　　　　　　　　　　　　　　　　　　\n<13><04>　　　　　　Ｇ　　　　　　　　　　　　　　　　　　　\n<13><04>　　　　　Ｆ　　　　　　　　　　　　　　　　　　　　\n<13><04>　　　　Ｅ　　　　　　　　　　　　　　　　　　　　　\n<13><04>　　　Ｄ　　　　　　　　　　　　　　　　　　　　　　\n<13><04>　　Ｃ　　　　　　　　　　　　　　　　　　　　　　　\n<13><04>　Ｂ　　　　　　　　　　　　　　　　　　　　　　　　\n<13><04>Ａ　　　　　　　　　　　　　　　　　　　　　　　　　\n<13><04>　　　　　　　　　　　　　　　　　　　　　　　　　　\n<13><04>　　　　　　　　　　　　　　　　　　　　　　　　　　\n
179	891	0	<13><04>　　　　　　　　　Ｊ　　　　　　　　　　　　　　　　\n<13><04>　　　　　　　　Ｉ　　　　　　　　　　　　　　　　　\n<13><04>　　　　　　　Ｈ　　　　　　　　　　　　　　　　　　\n<13><04>　　　　　　Ｇ　　　　　　　　　　　　　　　　　　　\n<13><04>　　　　　Ｆ　　　　　　　　　　　　　　　　　　　　\n<13><04>　　　　Ｅ　　　　　　　　　　　　　　　　　　　　　\n<13><04>　　　Ｄ　　　　　　　　　　　　　　　　　　　　　　\n<13><04>　　Ｃ　　　　　　　　　　　　　　　　　　　　　　　\n<13><04>ＡＢ　　　　　　　　　　　　　　　　　　　　　　　　\n<13><04>　　　　　　　　　　　　　　　　　　　　　　　　　　\n<13><04>　　　　　　　　　　　　　　　　　　　　　　　　　　\n
180	891	0	<13><04>　　　　　　　　　　Ｋ　　　　　　　　　　　　　　　\n<13><04>　　　　　　　　　Ｊ　　　　　　　　　　　　　　　　\n<13><04>　　　　　　　　Ｉ　　　　　　　　　　　　　　　　　\n<13><04>　　　　　　　Ｈ　　　　　　　　　　　　　　　　　　\n<13><04>　　　　　　Ｇ　　　　　　　　　　　　　　　　　　　\n<13><04>　　　　　Ｆ　　　　　　　　　　　　　　　　　　　　\n<13><04>　　　　Ｅ　　　　　　　　　　　　　　　　　　　　　\n<13><04>　　　Ｄ　　　　　　　　　　　　　　　　　　　　　　\n<13><04>ＡＢＣ　　　　　　　　　　　　　　　　　　　　　　　\n<13><04>　　　　　　　　　　　　　　　　　　　　　　　　　　\n<13><04>　　　　　　　　　　　　　　　　　　　　　　　　　　\n
181	891	0	<13><04>　　　　　　　　　　　Ｌ　　　　　　　　　　　　　　\n<13><04>　　　　　　　　　　Ｋ　　　　　　　　　　　　　　　\n<13><04>　　　　　　　　　Ｊ　　　　　　　　　　　　　　　　\n<13><04>　　　　　　　　Ｉ　　　　　　　　　　　　　　　　　\n<13><04>　　　　　　　Ｈ　　　　　　　　　　　　　　　　　　\n<13><04>　　　　　　Ｇ　　　　　　　　　　　　　　　　　　　\n<13><04>　　　　　Ｆ　　　　　　　　　　　　　　　　　　　　\n<13><04>　　　　Ｅ　　　　　　　　　　　　　　　　　　　　　\n<13><04>ＡＢＣＤ　　　　　　　　　　　　　　　　　　　　　　\n<13><04>　　　　　　　　　　　　　　　　　　　　　　　　　　\n<13><04>　　　　　　　　　　　　　　　　　　　　　　　　　　\n
182	891	0	<13><04>　　　　　　　　　　　　Ｍ　　　　　　　　　　　　　\n<13><04>　　　　　　　　　　　Ｌ　　　　　　　　　　　　　　\n<13><04>　　　　　　　　　　Ｋ　　　　　　　　　　　　　　　\n<13><04>　　　　　　　　　Ｊ　　　　　　　　　　　　　　　　\n<13><04>　　　　　　　　Ｉ　　　　　　　　　　　　　　　　　\n<13><04>　　　　　　　Ｈ　　　　　　　　　　　　　　　　　　\n<13><04>　　　　　　Ｇ　　　　　　　　　　　　　　　　　　　\n<13><04>　　　　　Ｆ　　　　　　　　　　　　　　　　　　　　\n<13><04>ＡＢＣＤＥ　　　　　　　　　　　　　　　　　　　　　\n<13><04>　　　　　　　　　　　　　　　　　　　　　　　　　　\n<13><04>　　　　　　　　　　　　　　　　　　　　　　　　　　\n
183	891	0	<13><04>　　　　　　　　　　　　　Ｎ　　　　　　　　　　　　\n<13><04>　　　　　　　　　　　　Ｍ　　　　　　　　　　　　　\n<13><04>　　　　　　　　　　　Ｌ　　　　　　　　　　　　　　\n<13><04>　　　　　　　　　　Ｋ　　　　　　　　　　　　　　　\n<13><04>　　　　　　　　　Ｊ　　　　　　　　　　　　　　　　\n<13><04>　　　　　　　　Ｉ　　　　　　　　　　　　　　　　　\n<13><04>　　　　　　　Ｈ　　　　　　　　　　　　　　　　　　\n<13><04>　　　　　　Ｇ　　　　　　　　　　　　　　　　　　　\n<13><04>ＡＢＣＤＥＦ　　　　　　　　　　　　　　　　　　　　\n<13><04>　　　　　　　　　　　　　　　　　　　　　　　　　　\n<13><04>　　　　　　　　　　　　　　　　　　　　　　　　　　\n
184	891	0	<13><04>　　　　　　　　　　　　　　Ｏ　　　　　　　　　　　\n<13><04>　　　　　　　　　　　　　Ｎ　　　　　　　　　　　　\n<13><04>　　　　　　　　　　　　Ｍ　　　　　　　　　　　　　\n<13><04>　　　　　　　　　　　Ｌ　　　　　　　　　　　　　　\n<13><04>　　　　　　　　　　Ｋ　　　　　　　　　　　　　　　\n<13><04>　　　　　　　　　Ｊ　　　　　　　　　　　　　　　　\n<13><04>　　　　　　　　Ｉ　　　　　　　　　　　　　　　　　\n<13><04>　　　　　　　Ｈ　　　　　　　　　　　　　　　　　　\n<13><04>ＡＢＣＤＥＦＧ　　　　　　　　　　　　　　　　　　　\n<13><04>　　　　　　　　　　　　　　　　　　　　　　　　　　\n<13><04>　　　　　　　　　　　　　　　　　　　　　　　　　　\n
185	891	0	<13><04>　　　　　　　　　　　　　　　Ｐ　　　　　　　　　　\n<13><04>　　　　　　　　　　　　　　Ｏ　　　　　　　　　　　\n<13><04>　　　　　　　　　　　　　Ｎ　　　　　　　　　　　　\n<13><04>　　　　　　　　　　　　Ｍ　　　　　　　　　　　　　\n<13><04>　　　　　　　　　　　Ｌ　　　　　　　　　　　　　　\n<13><04>　　　　　　　　　　Ｋ　　　　　　　　　　　　　　　\n<13><04>　　　　　　　　　Ｊ　　　　　　　　　　　　　　　　\n<13><04>　　　　　　　　Ｉ　　　　　　　　　　　　　　　　　\n<13><04>ＡＢＣＤＥＦＧＨ　　　　　　　　　　　　　　　　　　\n<13><04>　　　　　　　　　　　　　　　　　　　　　　　　　　\n<13><04>　　　　　　　　　　　　　　　　　　　　　　　　　　\n
186	891	0	<13><04>　　　　　　　　　　　　　　　　Ｑ　　　　　　　　　\n<13><04>　　　　　　　　　　　　　　　Ｐ　　　　　　　　　　\n<13><04>　　　　　　　　　　　　　　Ｏ　　　　　　　　　　　\n<13><04>　　　　　　　　　　　　　Ｎ　　　　　　　　　　　　\n<13><04>　　　　　　　　　　　　Ｍ　　　　　　　　　　　　　\n<13><04>　　　　　　　　　　　Ｌ　　　　　　　　　　　　　　\n<13><04>　　　　　　　　　　Ｋ　　　　　　　　　　　　　　　\n<13><04>　　　　　　　　　Ｊ　　　　　　　　　　　　　　　　\n<13><04>ＡＢＣＤＥＦＧＨＩ　　　　　　　　　　　　　　　　　\n<13><04>　　　　　　　　　　　　　　　　　　　　　　　　　　\n<13><04>　　　　　　　　　　　　　　　　　　　　　　　　　　\n
187	891	0	<13><04>　　　　　　　　　　　　　　　　　Ｒ　　　　　　　　\n<13><04>　　　　　　　　　　　　　　　　Ｑ　　　　　　　　　\n<13><04>　　　　　　　　　　　　　　　Ｐ　　　　　　　　　　\n<13><04>　　　　　　　　　　　　　　Ｏ　　　　　　　　　　　\n<13><04>　　　　　　　　　　　　　Ｎ　　　　　　　　　　　　\n<13><04>　　　　　　　　　　　　Ｍ　　　　　　　　　　　　　\n<13><04>　　　　　　　　　　　Ｌ　　　　　　　　　　　　　　\n<13><04>　　　　　　　　　　Ｋ　　　　　　　　　　　　　　　\n<13><04>ＡＢＣＤＥＦＧＨＩＪ　　　　　　　　　　　　　　　　\n<13><04>　　　　　　　　　　　　　　　　　　　　　　　　　　\n<13><04>　　　　　　　　　　　　　　　　　　　　　　　　　　\n
188	891	0	<13><04>　　　　　　　　　　　　　　　　　　Ｓ　　　　　　　\n<13><04>　　　　　　　　　　　　　　　　　Ｒ　　　　　　　　\n<13><04>　　　　　　　　　　　　　　　　Ｑ　　　　　　　　　\n<13><04>　　　　　　　　　　　　　　　Ｐ　　　　　　　　　　\n<13><04>　　　　　　　　　　　　　　Ｏ　　　　　　　　　　　\n<13><04>　　　　　　　　　　　　　Ｎ　　　　　　　　　　　　\n<13><04>　　　　　　　　　　　　Ｍ　　　　　　　　　　　　　\n<13><04>　　　　　　　　　　　Ｌ　　　　　　　　　　　　　　\n<13><04>ＡＢＣＤＥＦＧＨＩＪＫ　　　　　　　　　　　　　　　\n<13><04>　　　　　　　　　　　　　　　　　　　　　　　　　　\n<13><04>　　　　　　　　　　　　　　　　　　　　　　　　　　\n
189	891	0	<13><04>　　　　　　　　　　　　　　　　　　　Ｔ　　　　　　\n<13><04>　　　　　　　　　　　　　　　　　　Ｓ　　　　　　　\n<13><04>　　　　　　　　　　　　　　　　　Ｒ　　　　　　　　\n<13><04>　　　　　　　　　　　　　　　　Ｑ　　　　　　　　　\n<13><04>　　　　　　　　　　　　　　　Ｐ　　　　　　　　　　\n<13><04>　　　　　　　　　　　　　　Ｏ　　　　　　　　　　　\n<13><04>　　　　　　　　　　　　　Ｎ　　　　　　　　　　　　\n<13><04>　　　　　　　　　　　　Ｍ　　　　　　　　　　　　　\n<13><04>ＡＢＣＤＥＦＧＨＩＪＫＬ　　　　　　　　　　　　　　\n<13><04>　　　　　　　　　　　　　　　　　　　　　　　　　　\n<13><04>　　　　　　　　　　　　　　　　　　　　　　　　　　\n
190	891	0	<13><04>　　　　　　　　　　　　　　　　　　　　Ｕ　　　　　\n<13><04>　　　　　　　　　　　　　　　　　　　Ｔ　　　　　　\n<13><04>　　　　　　　　　　　　　　　　　　Ｓ　　　　　　　\n<13><04>　　　　　　　　　　　　　　　　　Ｒ　　　　　　　　\n<13><04>　　　　　　　　　　　　　　　　Ｑ　　　　　　　　　\n<13><04>　　　　　　　　　　　　　　　Ｐ　　　　　　　　　　\n<13><04>　　　　　　　　　　　　　　Ｏ　　　　　　　　　　　\n<13><04>　　　　　　　　　　　　　Ｎ　　　　　　　　　　　　\n<13><04>ＡＢＣＤＥＦＧＨＩＪＫＬＭ　　　　　　　　　　　　　\n<13><04>　　　　　　　　　　　　　　　　　　　　　　　　　　\n<13><04>　　　　　　　　　　　　　　　　　　　　　　　　　　\n
191	891	0	<13><04>　　　　　　　　　　　　　　　　　　　　　Ｖ　　　　\n<13><04>　　　　　　　　　　　　　　　　　　　　Ｕ　　　　　\n<13><04>　　　　　　　　　　　　　　　　　　　Ｔ　　　　　　\n<13><04>　　　　　　　　　　　　　　　　　　Ｓ　　　　　　　\n<13><04>　　　　　　　　　　　　　　　　　Ｒ　　　　　　　　\n<13><04>　　　　　　　　　　　　　　　　Ｑ　　　　　　　　　\n<13><04>　　　　　　　　　　　　　　　Ｐ　　　　　　　　　　\n<13><04>　　　　　　　　　　　　　　Ｏ　　　　　　　　　　　\n<13><04>ＡＢＣＤＥＦＧＨＩＪＫＬＭＮ　　　　　　　　　　　　\n<13><04>　　　　　　　　　　　　　　　　　　　　　　　　　　\n<13><04>　　　　　　　　　　　　　　　　　　　　　　　　　　\n
192	891	0	<13><04>　　　　　　　　　　　　　　　　　　　　　　Ｗ　　　\n<13><04>　　　　　　　　　　　　　　　　　　　　　Ｖ　　　　\n<13><04>　　　　　　　　　　　　　　　　　　　　Ｕ　　　　　\n<13><04>　　　　　　　　　　　　　　　　　　　Ｔ　　　　　　\n<13><04>　　　　　　　　　　　　　　　　　　Ｓ　　　　　　　\n<13><04>　　　　　　　　　　　　　　　　　Ｒ　　　　　　　　\n<13><04>　　　　　　　　　　　　　　　　Ｑ　　　　　　　　　\n<13><04>　　　　　　　　　　　　　　　Ｐ　　　　　　　　　　\n<13><04>ＡＢＣＤＥＦＧＨＩＪＫＬＭＮＯ　　　　　　　　　　　\n<13><04>　　　　　　　　　　　　　　　　　　　　　　　　　　\n<13><04>　　　　　　　　　　　　　　　　　　　　　　　　　　\n
193	891	0	<13><04>　　　　　　　　　　　　　　　　　　　　　　　Ｘ　　\n<13><04>　　　　　　　　　　　　　　　　　　　　　　Ｗ　　　\n<13><04>　　　　　　　　　　　　　　　　　　　　　Ｖ　　　　\n<13><04>　　　　　　　　　　　　　　　　　　　　Ｕ　　　　　\n<13><04>　　　　　　　　　　　　　　　　　　　Ｔ　　　　　　\n<13><04>　　　　　　　　　　　　　　　　　　Ｓ　　　　　　　\n<13><04>　　　　　　　　　　　　　　　　　Ｒ　　　　　　　　\n<13><04>　　　　　　　　　　　　　　　　Ｑ　　　　　　　　　\n<13><04>ＡＢＣＤＥＦＧＨＩＪＫＬＭＮＯＰ　　　　　　　　　　\n<13><04>　　　　　　　　　　　　　　　　　　　　　　　　　　\n<13><04>　　　　　　　　　　　　　　　　　　　　　　　　　　\n
194	891	0	<13><04>　　　　　　　　　　　　　　　　　　　　　　　　Ｙ　\n<13><04>　　　　　　　　　　　　　　　　　　　　　　　Ｘ　　\n<13><04>　　　　　　　　　　　　　　　　　　　　　　Ｗ　　　\n<13><04>　　　　　　　　　　　　　　　　　　　　　Ｖ　　　　\n<13><04>　　　　　　　　　　　　　　　　　　　　Ｕ　　　　　\n<13><04>　　　　　　　　　　　　　　　　　　　Ｔ　　　　　　\n<13><04>　　　　　　　　　　　　　　　　　　Ｓ　　　　　　　\n<13><04>　　　　　　　　　　　　　　　　　Ｒ　　　　　　　　\n<13><04>ＡＢＣＤＥＦＧＨＩＪＫＬＭＮＯＰＱ　　　　　　　　　\n<13><04>　　　　　　　　　　　　　　　　　　　　　　　　　　\n<13><04>　　　　　　　　　　　　　　　　　　　　　　　　　　\n
195	840	0	<13><04>　　　　　　　　　　　　　　　　　　　　　　　　　Ｚ\n<13><04>　　　　　　　　　　　　　　　　　　　　　　　　Ｙ　\n<13><04>　　　　　　　　　　　　　　　　　　　　　　　Ｘ　　\n<13><04>　　　　　　　　　　　　　　　　　　　　　　Ｗ　　　\n<13><04>　　　　　　　　　　　　　　　　　　　　　Ｖ　　　　\n<13><04>　　　　　　　　　　　　　　　　　　　　Ｕ　　　　　\n<13><04>　　　　　　　　　　　　　　　　　　　Ｔ　　　　　　\n<13><04>　　　　　　　　　　　　　　　　　　Ｓ　　　　　　　\n<13><04>ＡＢＣＤＥＦＧＨＩＪＫＬＭＮＯＰＱＲ　　　　　　　　\n<13><04>　　　　　　　　　\n<13><04>　　　　　　　　　　　　　　　　　　　　　　　　　　\n
196	786	0	<13><04>　　　　　　　　　　　　　　　　　　　　　　　　　　\n<13><04>　　　　　　　　　　　　　　　　　　　　　　　　　Ｚ\n<13><04>　　　　　　　　　　　　　　　　　　　　　　　　Ｙ　\n<13><04>　　　　　　　　　　　　　　　　　　　　　　　Ｘ　　\n<13><04>　　　　　　　　　　　　　　　　　　　　　　Ｗ　　　\n<13><04>　　　　　　　　　　　　　　　　　　　　　Ｖ　　　　\n<13><04>　　　　　　　　　　　　　　　　　　　　Ｕ　　　　　\n<13><04>　　　　　　　　　　　　　　　　　　　Ｔ　　　　　　\n<13><04>ＡＢＣＤＥＦＧＨＩＪＫＬＭＮＯＰＱＲＳ　　　　　　　\n<13><04>　　　　　　　　\n<13><04>　　　　　　　　　\n
197	700	0	\n<13><04>　　　　　　　　　　　　　　　　　　　　　　　　　　\n<13><04>　　　　　　　　　　　　　　　　　　　　　　　　　Ｚ\n<13><04>　　　　　　　　　　　　　　　　　　　　　　　　Ｙ　\n<13><04>　　　　　　　　　　　　　　　　　　　　　　　Ｘ　　\n<13><04>　　　　　　　　　　　　　　　　　　　　　　Ｗ　　　\n<13><04>　　　　　　　　　　　　　　　　　　　　　Ｖ　　　　\n<13><04>　　　　　　　　　　　　　　　　　　　　Ｕ　　　　　\n<13><04>ＡＢＣＤＥＦＧＨＩＪＫＬＭＮＯＰＱＲＳＴ　　　　　　\n<13><04>　　　　　　　\n<13><04>　　　　　　　　\n
198	614	0	\n\n<13><04>　　　　　　　　　　　　　　　　　　　　　　　　　　\n<13><04>　　　　　　　　　　　　　　　　　　　　　　　　　Ｚ\n<13><04>　　　　　　　　　　　　　　　　　　　　　　　　Ｙ　\n<13><04>　　　　　　　　　　　　　　　　　　　　　　　Ｘ　　\n<13><04>　　　　　　　　　　　　　　　　　　　　　　Ｗ　　　\n<13><04>　　　　　　　　　　　　　　　　　　　　　Ｖ　　　　\n<13><04>ＡＢＣＤＥＦＧＨＩＪＫＬＭＮＯＰＱＲＳＴＵ　　　　　\n<13><04>　　　　　　\n<13><04>　　　　　　　\n
199	528	0	\n\n\n<13><04>　　　　　　　　　　　　　　　　　　　　　　　　　　\n<13><04>　　　　　　　　　　　　　　　　　　　　　　　　　Ｚ\n<13><04>　　　　　　　　　　　　　　　　　　　　　　　　Ｙ　\n<13><04>　　　　　　　　　　　　　　　　　　　　　　　Ｘ　　\n<13><04>　　　　　　　　　　　　　　　　　　　　　　Ｗ　　　\n<13><04>ＡＢＣＤＥＦＧＨＩＪＫＬＭＮＯＰＱＲＳＴＵＶ　　　　\n<13><04>　　　　　\n<13><04>　　　　　　\n
200	442	0	\n\n\n\n<13><04>　　　　　　　　　　　　　　　　　　　　　　　　　　\n<13><04>　　　　　　　　　　　　　　　　　　　　　　　　　Ｚ\n<13><04>　　　　　　　　　　　　　　　　　　　　　　　　Ｙ　\n<13><04>　　　　　　　　　　　　　　　　　　　　　　　Ｘ　　\n<13><04>ＡＢＣＤＥＦＧＨＩＪＫＬＭＮＯＰＱＲＳＴＵＶＷ　　　\n<13><04>　　　　\n<13><04>　　　　　\n
201	356	0	\n\n\n\n\n<13><04>　　　　　　　　　　　　　　　　　　　　　　　　　　\n<13><04>　　　　　　　　　　　　　　　　　　　　　　　　　Ｚ\n<13><04>　　　　　　　　　　　　　　　　　　　　　　　　Ｙ　\n<13><04>ＡＢＣＤＥＦＧＨＩＪＫＬＭＮＯＰＱＲＳＴＵＶＷＸ　　\n<13><04>　　　\n<13><04>　　　　\n
202	270	0	\n\n\n\n\n\n<13><04>　　　　　　　　　　　　　　　　　　　　　　　　　　\n<13><04>　　　　　　　　　　　　　　　　　　　　　　　　　Ｚ\n<13><04>ＡＢＣＤＥＦＧＨＩＪＫＬＭＮＯＰＱＲＳＴＵＶＷＸＹ　\n<13><04>　　\n<13><04>　　　\n
203	91	0	\n\n\n\n\n\n\n\n<13><04>ＡＢＣＤＥＦＧＨＩＪＫＬＭＮＯＰＱＲＳＴＵＶＷＸＹＺ\n\n\n
204	91	0	\n\n\n\n\n\n\n\n<13><1B>ＡＢＣＤＥＦＧＨＩＪＫＬＭＮＯＰＱＲＳＴＵＶＷＸＹＺ\n\n\n
205	91	0	\n\n\n\n\n\n\n\n<13><19>ＡＢＣＤＥＦＧＨＩＪＫＬＭＮＯＰＱＲＳＴＵＶＷＸＹＺ\n\n\n
206	91	0	\n\n\n\n\n\n\n\n<13><03>ＡＢＣＤＥＦＧＨＩＪＫＬＭＮＯＰＱＲＳＴＵＶＷＸＹＺ\n\n\n
207	91	0	\n\n\n\n\n\n\n\n<13><17>ＡＢＣＤＥＦＧＨＩＪＫＬＭＮＯＰＱＲＳＴＵＶＷＸＹＺ\n\n\n
208	85	0	\n\n\n\n\n\n\n\n<13><17>ＡＣＤＥＦＧＨＩＪＫＬＭＮＯＰＱＲＳＴＵＶＷＸＺ\n\n\n
209	79	0	\n\n\n\n\n\n\n\n<13><17>ＡＤＥＦＧＨＩＪＫＬＭＮＯＰＱＲＳＴＵＶＷＺ\n\n\n
210	73	0	\n\n\n\n\n\n\n\n<13><17>ＡＥＦＧＨＩＪＫＬＭＮＯＰＱＲＳＴＵＶＺ\n\n\n
211	67	0	\n\n\n\n\n\n\n\n<13><17>ＡＦＧＨＩＪＫＬＭＮＯＰＱＲＳＴＵＺ\n\n\n
212	61	0	\n\n\n\n\n\n\n\n<13><17>ＡＧＨＩＪＫＬＭＮＯＰＱＲＳＴＺ\n\n\n
213	55	0	\n\n\n\n\n\n\n\n<13><17>ＡＨＩＪＫＬＭＮＯＰＱＲＴＺ\n\n\n
214	49	0	\n\n\n\n\n\n\n\n<13><17>ＡＩＪＫＬＭＮＯＰＱＴＺ\n\n\n
215	43	0	\n\n\n\n\n\n\n\n<13><17>ＡＪＫＬＭＮＯＰＴＺ\n\n\n
216	37	0	\n\n\n\n\n\n\n\n<13><17>ＡＫＬＭＮＯＴＺ\n\n\n
217	31	0	\n\n\n\n\n\n\n\n<13><17>ＡＬＭＯＴＺ\n\n\n
218	25	0	\n\n\n\n\n\n\n\n<13><17>ＡＯＴＺ\n\n\n
219	25	0	\n\n\n\n\n\n\n\n<13><17>ＡＴＯＺ\n\n\n
220	27	0	\n\n\n\n\n\n\n\n<13><17>Ａ ＴＯ Ｚ\n\n\n
221	27	0	\n\n\n\n\n\n\n\n<13><03>Ａ ＴＯ Ｚ\n\n\n
222	27	0	\n\n\n\n\n\n\n\n<13><19>Ａ ｔｏ Ｚ\n\n\n
223	27	0	\n\n\n\n\n\n\n\n<13><1B>Ａ ｔｏ Ｚ\n\n\n
224	27	0	\n\n\n\n\n\n\n<13><04>Ａ ｔｏ Ｚ\n\n\n\n
225	27	0	\n\n\n\n\n\n<13><04>Ａ ｔｏ Ｚ\n\n\n\n\n
226	27	0	\n\n\n\n\n<13><04>Ａ ｔｏ Ｚ\n\n\n\n\n\n
227	27	0	\n\n\n\n<13><04>Ａ ｔｏ Ｚ\n\n\n\n\n\n\n
228	157	0	<13><04>수많은　소재들　속에서　길을　잃은　당신에\n\n<13><04>확한　방향을　알려주는　길잡이　같은　미궁\n\n<13><04>Ａ ｔｏ Ｚ\n\n\n\n\n\n\n
229	151	0	<13><04>수많은　소재들　속에서　길을　잃은　당신\n\n<13><04>한　방향을　알려주는　길잡이　같은　미궁\n\n<13><04>Ａ ｔｏ Ｚ\n\n\n\n\n\n\n
230	145	0	<13><04>수많은　소재들　속에서　길을　잃은　당\n\n<13><04>　방향을　알려주는　길잡이　같은　미궁\n\n<13><04>Ａ ｔｏ Ｚ\n\n\n\n\n\n\n
231	139	0	<13><04>수많은　소재들　속에서　길을　잃은　\n\n<13><04>방향을　알려주는　길잡이　같은　미궁\n\n<13><04>Ａ ｔｏ Ｚ\n\n\n\n\n\n\n
232	133	0	<13><04>수많은　소재들　속에서　길을　잃은\n\n<13><04>향을　알려주는　길잡이　같은　미궁\n\n<13><04>Ａ ｔｏ Ｚ\n\n\n\n\n\n\n
233	127	0	<13><04>수많은　소재들　속에서　길을　잃\n\n<13><04>을　알려주는　길잡이　같은　미궁\n\n<13><04>Ａ ｔｏ Ｚ\n\n\n\n\n\n\n
234	121	0	<13><04>수많은　소재들　속에서　길을　\n\n<13><04>　알려주는　길잡이　같은　미궁\n\n<13><04>Ａ ｔｏ Ｚ\n\n\n\n\n\n\n
235	115	0	<13><04>수많은　소재들　속에서　길을\n\n<13><04>알려주는　길잡이　같은　미궁\n\n<13><04>Ａ ｔｏ Ｚ\n\n\n\n\n\n\n
236	109	0	<13><04>수많은　소재들　속에서　길\n\n<13><04>려주는　길잡이　같은　미궁\n\n<13><04>Ａ ｔｏ Ｚ\n\n\n\n\n\n\n
237	103	0	<13><04>수많은　소재들　속에서　\n\n<13><04>주는　길잡이　같은　미궁\n\n<13><04>Ａ ｔｏ Ｚ\n\n\n\n\n\n\n
238	97	0	<13><04>수많은　소재들　속에서\n\n<13><04>는　길잡이　같은　미궁\n\n<13><04>Ａ ｔｏ Ｚ\n\n\n\n\n\n\n
239	91	0	<13><04>수많은　소재들　속에\n\n<13><04>　길잡이　같은　미궁\n\n<13><04>Ａ ｔｏ Ｚ\n\n\n\n\n\n\n
240	85	0	<13><04>수많은　소재들　속\n\n<13><04>길잡이　같은　미궁\n\n<13><04>Ａ ｔｏ Ｚ\n\n\n\n\n\n\n
241	79	0	<13><04>수많은　소재들　\n\n<13><04>잡이　같은　미궁\n\n<13><04>Ａ ｔｏ Ｚ\n\n\n\n\n\n\n
242	73	0	<13><04>수많은　소재들\n\n<13><04>이　같은　미궁\n\n<13><04>Ａ ｔｏ Ｚ\n\n\n\n\n\n\n
243	67	0	<13><04>수많은　소재\n\n<13><04>　같은　미궁\n\n<13><04>Ａ ｔｏ Ｚ\n\n\n\n\n\n\n
244	61	0	<13><04>수많은　소\n\n<13><04>같은　미궁\n\n<13><04>Ａ ｔｏ Ｚ\n\n\n\n\n\n\n
245	55	0	<13><04>수많은　\n\n<13><04>은　미궁\n\n<13><04>Ａ ｔｏ Ｚ\n\n\n\n\n\n\n
246	49	0	<13><04>수많은\n\n<13><04>　미궁\n\n<13><04>Ａ ｔｏ Ｚ\n\n\n\n\n\n\n
247	43	0	<13><04>수많\n\n<13><04>미궁\n\n<13><04>Ａ ｔｏ Ｚ\n\n\n\n\n\n\n
248	46	0	<13><04>수\n\n<13><04>미궁　\n\n<13><04>　Ａ ｔｏ Ｚ\n\n\n\n\n\n\n
249	47	0	\n\n<13><04>미궁　　\n\n<13><04>　　Ａ ｔｏ Ｚ\n\n\n\n\n\n\n
250	53	0	\n\n<13><04>미궁　　　\n\n<13><04>　　　Ａ ｔｏ Ｚ\n\n\n\n\n\n\n
251	59	0	\n\n<13><04>미궁　　　　\n\n<13><04>　　　　Ａ ｔｏ Ｚ\n\n\n\n\n\n\n
252	39	0	\n\n\n<13><04>미궁　　Ａ ｔｏ Ｚ\n\n\n\n\n\n\n\n
253	36	0	\n\n\n<13><04>미궁　Ａ ｔｏ Ｚ\n\n\n\n\n\n\n\n
254	36	0	\n\n\n<13><11>미궁　Ａ ｔｏ Ｚ\n\n\n\n\n\n\n\n
255	11	0	\n\n\n\n\n\n\n\n\n\n\n
256	517	0	<13><04>애너그램（ＡＮＡＧＲＡＭ）\n\n<13><16>단어나　문장을　구성하고　있는　문자의　순서를　바꾸어　다른　단어나　문장을　만드는　것\n\n<13><1D>ＳＡＴＡＮ　<16>→　<1D>ＳＡＮＴＡ\n\n<13><1D>ＬＩＳＴＥＮ　<16>→　<1D>ＳＩＬＥＮＴ\n\n<13><1D>ＥＬＥＶＥＮ　ＰＬＵＳ　ＴＷＯ　<16>→　<1D>ＴＷＥＬＶＥ　ＰＬＵＳ　ＯＮＥ\n\n<13><1D>ＷＩＬＬＩＡＭ　ＳＨＡＫＥＳＰＥＡＲＥ　　<16>→　<1D>Ｉ　ＡＭ　Ａ　ＷＥＡＫＩＳＨ　<1F>？？？？？？
257	222	0	<13><1E>０<04>과　<1E>１　<04>사이，단순함　속의　무한한　우주\n\n<13><04>두　개의　숫자만으로　세상를　그리는　마법\n\n<13><04>[１＝<1E>１<04>，　２＝<1E>１０<04>，　３　．．．]\n\n<13><04>４＋４０９６＝<07>？
258	935	0	<04>┌─┐┌─┐┌─┐┌─┐┌─┐┌─┐┌─┐　\n<04>│<18>의<04>││<10>은<04>││<08>이<04>││<0E>답<04>││<17>제<04>││<1C>정<04>││<11>문<04>│\n<04>│<18>사<04>││<10>혜<04>││<08>름<04>││<0E>을<04>││<17>주<04>││<1C>치<04>││<11>학<04>│　책들이　뒤죽박죽　꽂혀　있다．\n<04>│<18>가<04>││<10>로<04>││　<04>││　<04>││<17>도<04>││<1C>인<04>││<11>이<04>│　<08>순<11>서<17>대<18>로　<1C>알<0E>맞<10>게　<04>정리해보자．\n<04>│　<04>││<10>부<04>││<08>없<04>││<0E>아<04>││<17>가<04>││<1C>의<04>││　<04>│\n<04>│<18>말<04>││<10>터<04>││<08>는<04>││<0E>는<04>││　<04>││　<04>││<11>있<04>│\n<04>│<18>하<04>││　<04>││　<04>││　<04>││<17>잊<04>││<1C>못<04>││<11>는<04>│\n<04>│<18>는<04>││<10>배<04>││<08>산<04>││<0E>어<04>││<17>힐<04>││<1C>된<04>││　<04>│\n<04>│　<04>││<10>운<04>││<08>대<04>││<0E>머<04>││<17>리<04>││　<04>││<11>풍<04>│\n<04>│<18>독<04>││<10>다<04>││<08>주<04>││<0E>니<04>││<17>야<04>││<1C>입<04>││<11>경<04>│\n<04>└─┘└─┘└─┘└─┘└─┘└─┘└─┘
259	1128	0	　　　　　　　　　　<1B>모스 부호<1E>(Morse Code)\n　　　　　　　　　　<04>: <18>이끼(Moss)<04>, <15>나방(Moth) <04>등으로 각색되어 미궁에서 자주 사용되는 주제.\n　　　　　　　　　　<06>『 긴 막대기 와 짧 / 은막대 기로구 성되어 / 있 으 며 표에따 / 라 』\n　　　　　　　　　　<0F>　　　　　　　　　　　　　　　　&\n　　　　　　　　　　<0E>【 해 석하면 문자열 이 / 나오는 / 방 식 의암호 로 / \n　　　　　　　　　　<0E>　 변 형이쉬 워미궁 에 / 서굉장 히자주 찾 아볼수 / 있는단 골 소재이 】\n　　　　　　　　　　<1B>므로 익혀둘 것을 권장한다. 모스 부호표는 검색을 통해 쉽게 찾아볼 수 있으며\n　　　　　　　　　　<06>영어<04>와 <0E>한글<04>이 각기 다른 부호표를 사용하므로 주의를 요한다.\n　　　　　　　　　　\n　　　　　　　　　　<06>『 ENGLISH 』 <0F>& <0E>【 KOREAN 】 <04>을 단서로 줄 테니, \n　　　　　　　　　　<04>이 문제를 이용해 연습해 보도록 하자. 단, <1F>답은 모두 한글로<04> 입력한다.
260	201	0	<13><04>점자의 기본 구조는 아래와 같다.\n<13><04>1 4\n<13><04>2 5\n<13><04>3 6\n<13><04>기본 구조를 보면 가로읽기가 아닌 <19>세로읽기 방식<04>임을 알 수 있다.\n\n<13><04>Ｑ．<1B>46 234 26<04>, <1B>46 126　<04>＝　<08>？
261	850	0	<13><04>미궁에서 <19>"12"<04>를 생각하면 크게 떠오르는 것들이 있다.\n<13><04>예를 들면 올림포스 12신, 시계, 십이지, 황도 12궁...\n<13><04>그리고 <19>탄생화&탄생석<04>이 있다. <19>탄생화&탄생석<04>은 아래와 같이 구성되어 있다.\n<13><05>(나무위키 25년 4월 27일 탄생화, 25년 4월 21일 탄생석 문서 기준)\n\n<13><04>수선화／가넷　　　　　　　제비꽃／자수정　　　　　　　　수선화／아쿠아마린\n<13><04>스위트피／금강석　　　　　은방울꽃／에메랄드　　　　　　백합／진주　　　　\n<13><04>미나리아재비／루비　　　　글라디올러스／페리도트　　　　물망초／사파이어　\n<13><04>금잔화／단백석　　　　　　국화／토파즈　　　　　　　　　포인세티아／터키석\n\n<12><1E>［<1F>Ｘ<1E>로　페이지　이동　<1F>１／２<1E>］
262	585	0	<13><04>미궁에서 <19>"12"<04>를 생각하면 크게 떠오르는 것들이 있다.\n<13><04>예를 들면 탄생화&탄생석, 시계, 십이지, 황도 12궁...\n<13><04>그리고 <19>올림포스 12신<04>이 있다. <19>올림포스 12신<04>은 아래와 같이 구성되어 있다.\n\n<13><04>제우스　　　　헤라　　　포세이돈　　　데메테르　　아테나　　　　아폴론　　\n<13><04>아르테미스　　아레스　　아프로디테　　헤르메스　　헤파이토스　　디오니소스\n\n<13><04>Ｑ．12신 중 <1B>올림포스의 주신이자 우주를 주관한다는 신들의 왕　<04>＝　<08>？
263	387	0	<04>말장난, 동음이의어, 다의어, 발음이 비슷한 단어등을 이용한 언어유희는\n<04>미궁에서 자주 쓰이는 <17>유머 <04>소재 중 하나이다.\n\n<04>그 중 발음이 비슷한 단어에 대한 예시로는 다음이 있다.\n\n<1F>두려움 <04>- <07>배 <05>(과일)\n<1F>무화과 <04>- <07>돼지\n<1F>얼굴 <04>- <07>속도\n\n<04>그렇다면 <1F>재미<04>는 <07>무엇<04>이 되겠는가?\n<05>Answer Type : Korean
264	331	0	\n<04>　　　　　ＷＩＥＲＤＭＩＳＳＥＳＳ\n<04>　　 　　Ｒ\n<04>　　　　Ｅ　　　과연답이뭐\n<04>　　 　Ｔ　　　　　　　　가\n<04>　　　Ｓ　　　　　　　　맞\n<04> 　　Ｎ　　　　법방요까을\n<04>　　Ｏ　　　　은\n<04>Ａ Ｍ　　　　　읽\n<04>　Ｓ　　　　　　는것수학계산
265	1123	0	　　　　　　　　　　　　　　<04>병사들은 나를 데리고 문 앞에 섰다. \n　　　　　　　　　　　　　　<17>금박 <04>테두리에 <06>빨간색<04>과 <1D>검정색 <04>줄무늬로 장식된 고급진 문을 열고 들어선 곳에는\n　　　　　　　　　　　　　　<04>의자 두 개와 작은 테이블이 놓여 있었다.\n　　　　　　　　　　　　　　<04>말없이 손짓으로 내게 앉을 것을 권유하는 집사의 표정을 살피며, 나는 자리에 앉았다.\n　　　　　　　　　　　　　　<04>" <1F>그들의 이름<04>을 확인해 보도록 하시겠습니까. "\n　　　　　　　　　　　　　　<04>내 앞에는 <0E>네 장의 <06>트<1D>럼<06>프 <1D>카드<04>가 놓여져 있었다.\n<13><04>┏━━━┓　┏━━━┓　┏━━━┓　┏━━━┓　\n<13><04>┃<08>５　　<04>┃　┃<1D>５　　<04>┃　┃<1D>３　　<04>┃　┃<08>４　　<04>┃　\n<13><04>┃　　　┃　┃　　　┃　┃　　　┃　┃　　　┃　\n<13><04>┃　　<08>♥<04>┃　┃　　<1D>♣<04>┃　┃　　<1D>♠<04>┃　┃　　<08>◆<04>┃　\n<13><04>┗━━━┛　┗━━━┛　┗━━━┛　┗━━━┛　
266	701	0	　\n<04>■<1E>■<04>■<1E>■<04>■<1E>■<04>■<1E>■　　　　　<1E>ＢＬＡＣＫ　ＰＡＷＮ－Ａ，Ｂ，Ｃ，Ｄ，Ｅ\n<1E>■<04>■<1E>ＡＢＣＤＥ<04>■　    　　\n<04>■<1E>■<04>■<1E>■<04>■<1E>■<04>■<1E>■　　　　　<04>ＷＨＩＴＥ　ＰＡＷＮ－Ｆ，Ｇ，Ｈ，Ｉ，Ｊ\n<1E>■<04>■<1E>■<04>■<1E>■<04>■<1E>■<04>■　    　　\n<04>■<1E>■<04>■<1E>■<04>■<1E>■<04>■<1E>■　　　　　<1E>Ａ：２　<1E>Ｂ：１　<1E>Ｃ：２　<1E>Ｄ：１　<1E>Ｅ：２\n<1E>■<04>■<1E>■<04>■<1E>■<04>■<1E>■<04>■　　　　　Ｆ：２　Ｇ：１　Ｈ：０　Ｉ：１　Ｊ：２\n<04>■<1E>■<04>ＦＧＨＩＪ<1E>■    　　　　　　　　　　　\n<1E>■<04>■<1E>■<04>■<1E>■<04>■<1E>■<04>■　　　　　<1E>흑<04>과　백이　<07>만들어　낸　것은　무엇인가？
267	1097	0	<13><04>7세그먼트 표시 장치는 A부터 G까지 7개의 획으로 숫자나 문자를 표현할 수 있다.\n\n<13><04>７세그먼트　표시　장치　　┃　　　　　　　　　　　　　　　　　　　　　　　　　　　　　　　　\n<13><04>　　　　　　　　　　　　　┃　　ＡＣＤＦＧ　　　　　　　　　　　　　　　　　　　　　　　　　\n<13><04>　　　　　Ａ　　　　　　　┃　　ＣＤＥＧ　　　　　　　　　　　　　　　　　　　　　　　　　　\n<13><04>　　　　Ｆ　Ｂ　　　　　　┃　　ＣＤＥ　　　가　각각　ＯＮ　되었을　때　나오는　단어　＝　<08>？\n<13><04>　　　　　Ｇ　　　　　　　┃　　ＣＥＧ　　　　　　　　　　　　　　　　　　　　　　　　　　　\n<13><04>　　　　Ｅ　Ｃ　　　　　　┃　　ＢＣＤＥＧ　　　　　　　　　　　　　　　　　　　　　　　　　\n<13><04>　　　　　Ｄ　　　　　　　┃　　　　　　　　　　　　　　　　　　　　　　　　　　　　　　　　
268	365	0	<13><04>음이름은 7개의 각 음마다 아래의 3가지 방식으로 표현할 수 있다.\n\n<13><04>도레미식 : <1D>도레미파솔라시\n<13><04>알파벳식 : <07>ＣＤＥＦＧＡＢ\n<13><04>가나다식 : <1F>다라마바사가나\n\n<13><07>라시도<04>와 <1F>라시<04>를 묶어서 Chocolate로 나타낼 수 있다면\n<13><07>파미미레<04>와 <1F>파시시<04>를 묶어서 나타낼 수 있는 단어 = <08>？
269	307	0	　\n\n<13><04>작은　조각들이　운명처럼　이어져，큰　의미를　가진　<08>국가<04>들로　태어났다．\n\n\n<13><1C>▶　<18>▼　<1C>◀　<1C>▲　<17>Ｘ　<1C>▼　<18>▲　<04>Ｘ　<05>◀　▶\n\n\n<13><08>첫　번째　<08>국가　<04>－　<11>자메이카　　　<04>／　　　<08>두　번째　국가　<04>－　<07>？？？？？
270	476	0	<13><04>미궁에서 <19>"12"<04>를 생각하면 크게 떠오르는 것들이 있다.\n<13><04>예를 들면 탄생화&탄생석, 올림포스 12신, 십이지, 황도 12궁...\n<13><04>그리고 <19>시계<04>가 있다. <19>시계<04>는 아래와 같이 구성되어 있다.\n<13><04>１２\n<13><04>１１　　　１　\n<13><04>１０　　　　　　　２　\n<13><04>　９　　　　　　　　　　　３　\n<13><04>　８　　　　　　　４　\n<13><04>　７　　　５　\n<13><04>６\n<12><1E>［<1F>Ｘ<1E>로　페이지　이동　<1F>１／２<1E>］
271	530	0	<04>주기율표(Periodic Table)는 <17>118<04>개의 원소들을\n<07>원자번호<04>와 특성에 따라 나열한 표를 일컫는 말이다.\n\n<04>미궁에서 주기율표는 상당히 자주 쓰이는 소재 중 하나인데\n<04>영어를 숫자로 바꿀 수 있는 법 중에서 가장 잘 알려진 것 중 하나이기 때문이다.\n\n<04>예를들어 <1F>사자 <04>- <07>3 8 7 <1F>카페 <04>- <07>20 26 <04>일 때\n\n<07>74 85 68<04>을 구한 뒤 그 것을 다시 분자식으로 바꿔 각각의 <07>원자번호<04>를 순서대로 입력하라.\n\n<05>ex) CO2라면 688 입력
272	448	0	<13><04>ＫＥＹＢＯＡＲＤ（ＱＷＥＲＴＹ）\n\n<13><16>ＱＷＥＲＴＹ자판은　영어　타자기나　컴퓨터　자판에서　가장　널리　쓰이는　자판　배열이다．\n\n<13><1E>Ｑ　Ｗ　<07>３　２　<07>７　<1E>Ｙ　Ｕ　Ｉ　Ｏ　<07>１\n\n<13><1E>　Ａ　<07>４　<07>５　<1E>Ｆ　Ｇ　Ｈ　Ｊ　Ｋ　<07>６　\n\n<13><1E>　　　Ｚ　Ｘ　Ｃ　Ｖ　Ｂ　Ｎ　Ｍ　　　\n\n<13><07>１２３４４　５３６３７３<04>　를　진행해보자．
273	853	0	<13><04>로마　숫자　（ＲＯＭＥ　ＮＵＭＢＥＲ）\n\n<13><16>로마숫자는　유럽　각지에서　사용되었으나　아라비아숫자가　보급된　후　잘　사용하지　않게　되었다．\n<13><16>로마숫자는　７개의　기본　기호를　조합하여　수를　나타낸다．\n\n<13><1D>Ｉ　<1E>＝　<0F>１　　　　　　　<1D>Ｖ　<1E>＝　<0F>５　　　　　　　<1D>Ｘ　<1E>＝　<0F>１０　　　　　<1D>Ｌ　<1E>＝　<0F>５０\n<13><1D>Ｃ　<1E>＝　<0F>１００　　　　　<1D>Ｄ　<1E>＝　<0F>５００　　　　　<1D>Ｍ　<1E>＝　<0F>１０００　　　　　　　　　\n\n<13><0F>１００９　<04>는　<1D>１０００<04>（<1D>Ｍ<04>），　<1D>９<04>（<1D>ＩＸ<04>）로，　나열한다면　ＭＩＸ<04>　가　만들어진다．\n\n<13><04>그리고　<0F>１０１<04>，　<0F>６<04>，　<0F>５０　<04>를　순서대로　나열한다면　<1F>？？？？？　<04>가　만들어진다．
274	698	0	<17>태양계<04>는 태양을 중심으로 이루어진 행성계로\n\n<16>수<04>많은 천체가 태양계 안에 포함되어 있다.\n<04>지<16>금<04>으로 부터 약 46억년전에 만들어진 태양을 중심으로 하고 있으며\n<04>우리 <16>지<04>구도 이 태양계 안에 포함된다.\n<04>많은 변<16>화<04>과정을 통해 지금의 모습이 된 태양계의\n<04>대표 행성 <16>목<04>록은 다음과 같고 지구형 행성과 목성형 행성으로 나뉜다.\n<04>수금지화　목<16>토<04>천해\n<04>태양계에 속한 <16>천<04>체는 이 행성들 말고도 많지만 보통 이 8 행성을 중심으로 이야기한다.\n\n<04>위 <16>7문장<04>을 <1F>＼자세히＼ <04>본다면 무언가 <07>빠진 것<04>을 발견할 수 있을 것이다.
275	435	0	<13><04>미궁에서 <19>"12"<04>를 생각하면 크게 떠오르는 것들이 있다.\n<13><04>예를 들면 탄생화&탄생석, 올림포스 12신, 시계, 황도 12궁...\n<13><04>그리고 <19>십이지<04>가 있다. <19>십이지<04>는 아래와 같이 구성되어 있다.\n\n<13><04>자 축 인 묘 진 사 오 미 신 유 술 해\n\n<13><04>또 십이지는 12가지의 동물들을 뜻하는데\n<13><15>３<11>３<04> = Criminal，<11>１<15>１<04> = Penis 일 때\n\n<13><04>Ｑ．<11>２<15>２　<04>＝　<08>？
276	1099	0	<13><04>이 미궁이 만들어진 <07>플랫폼<04>은 기본적으로 <08>"스타크래프트" <04>이다.\n<13><04>이에 미궁 소재로서 스타크래프트 내의 <08>기능 <04>또는 <08>관련 정보<04>에 대한 문제가 나올 수 있다.\n<13><04>본 문제에선 스타 미궁의 스타 문제 유형 중 하나인 <19>UI(버튼셋)<04>를 보겠다.\n<13><06>Ｚ<04>－<06>Ｄ　　　　Ｚ<04>－<06>Ｌ　　　　<04>Ｔ－Ｇ　　　　<17>Ｐ<04>－<17>Ｈ　　　　<04>Ｔ－<1F>？\n<13><04>┏━━━┓　　┏━━━┓　　┏━━━┓　　┏━━━┓　　┏━━━┓\n<13><04>┃ＭＳＡ┃　　┃ＳＲＢ┃　　┃ＭＳＡ┃　　┃ＭＳ　┃　　┃　ＳＡ┃\n<13><04>┃　ＧＣ┃　　┃ＶＡＰ┃　　┃ＰＨ　┃　　┃ＰＨ　┃　　┃　　　┃\n<13><04>┃ＢＶＵ┃　　┃Ｈ　　┃　　┃ＣＬＮ┃　　┃ＴＬＲ┃　　┃　　　┃\n<13><04>┗━━━┛　　┗━━━┛　　┗━━━┛　　┗━━━┛　　┗━━━┛\n<13><04>위 예시는 '버튼셋 각 칸의 <03>단축키<04>'들을 보여 주고 있다.\n<13><04>앞 4개의 예시를 유추하여, 물음표에 들어갈 <1F>이름<04>을 맞춰보자.
277	908	0	\n<04>┌──────<0E>７　<08>８　<0E>１０　<08>２　１２　<0E>７<04>──────┐\n<04>│　　　　　　　　　　　　　　　　　　　　　　　　　│\n<04>│　　　　<08>ㅎ<0E>ㅏ<08>ㄱㅁ<0E>ㅜ<08>ㄴㅇ<0E>ㅡ<08>ㄹㄴ<0E>ㅓ<08>ㄹㅂㅎ<0E>ㅣ<08>ㄱ<0E>ㅗ　　　　<04>│\n<04>│　　　　<08>ㅎ<0E>ㅏ<08>ㄱㅁ<0E>ㅜ<08>ㄴㅇ<0E>ㅔ<08>ㅎ<0E>ㅣ<08>ㅁㅅㅅ<0E>ㅡ<08>ㄱ<0E>ㅗ　　　　　<04>│\n<04>│　　　　<08>ㅎ<0E>ㅏ<08>ㄱㅁ<0E>ㅜ<08>ㄴㅇ<0E>ㅡ<08>ㄹㄷ<0E>ㅏ<08>ㄱㄱㅈ<0E>ㅏ　　　　　　<04>│\n<04>│　　　　　　　　　　　　　　　　　　　　　　　　　<04>│\n<04>│　　　<08>ㅋ<0E>ㅡ<08>ㄴㅇ<0E>ㅣ<08>ㄹㅇ<0E>ㅡ<08>ㄹㅁ<0E>ㅓ<08>ㄴㅈ<0E>ㅓ<08>ㅎ<0E>ㅏ<08>ㄹ<0E>ㅏ　　　　<04>│\n<04>│<08>ㅈ<0E>ㅏ<08>ㄱㅇ<0E>ㅡ<08>ㄴㅇ<0E>ㅣ<08>ㄹㅇ<0E>ㅡ<08>ㄴㄷ<0E>ㅜㅣ<08>ㄷㄷ<0E>ㅏ<08>ㄹ<0E>ㅏ<08>ㅇ<0E>ㅗ<08>ㄴㄷ<0E>ㅏ<04>│\n<04>│　　　　　　　　　　　　　　　　　　　　　　　　　│\n<04>└─────────────────────────┘
278	680	0	<13><04>일주일을 구성하는 7개의 요일은 각자 뜻이 다르며 영단어로도 표현할 수 있다.\n\n<13><04>　　　　　<0F>金　日　　<04>┃　　　　　　　　　　　　　　　　　　　\n<13><0F>　水<04>□<0F>木<04>□□　□　　┃　　가로　<0F>月　火　水　　　　　　　　　\n<13><0F>　土　<04>□<0F>月<04>□□□　　┃　　세로　<0F>木　金　土　日　　　　　　　\n<13><04>　□　□　□　　　　┃　　　　　　　　　　　　　　　　　　　\n<13><0F>火<04>□□□　　　　　　┃　　<0F>月金土木<04>에　해당하는　단어　＝　<08>？\n<13><04>　□　　　　　　　　┃　　　　　　　　　　　　　　　　　　　
279	1294	0	　　　　　　　<04>　　　─────┐　　　　　　　\n　　　　　　<04>　　／　　　　　／│　　　　　　　<1B>１차　시도　<04>│　<1B>２차　시도　<04>│　<1B>３차　시도\n　　　　　　<04>　／　　　　　／　│　　１라운드　　　<07>４　　　<04>│　　　<07>４　　　<04>│　<07>４，５，６\n　　　　　<04>　┌─┬─┬─┐　　│　　　　　　　　　　　　　　　　　　　　　　\n　　　　　<04>　│<07>１<04>│<07>２<04>│<07>３<04>│　　│　　２라운드　　<07>１，３　　<04>│　　<07>１，３　　<04>│　<07>１，２，３\n　　　　　<04>　├─┼─┼─┤　　│　　　　　　　　　　\n　　　　　　<04>│<07>４<04>│<07>５<04>│<07>６<04>│　　│　　３라운드　<07>７，８，９　<04>│　　　<07>７　　　<04>│　<07>７，８，９　　　　\n　　　　　　<04>├─┼─┼─┤　／　　　　　　　　　　　　　　　　　　　　　　　\n　　　　　　<04>│<07>７<04>│<07>８<04>│<07>９<04>│／　　　　４라운드　　<07>１，３　　<04>│　<07>１，２，３　<04>│　　　<07>２\n　　　　　　<04>└─┴─┴─┘　\n　　　　<04>공을　던져　박스에　집어넣어라！　각　라운드가　끝난　뒤　위쪽에서　보면　나오는　정답은？
280	1062	0	<13><17>슈퍼주니어<04>의 <07>로꾸거<04>를 아시나요? <06>"회문" <04>이 소재인 노래였지요. \n<13><04>비교적 최근 유행한 <06>회문<04>으로는 <1B>기러기 토마토 스위스 인도인 별똥별 우영우<04>가 있죠.\n<13><04>또, 미궁 문제를 풀다 보면, 정말로 <18>미로<04>를 그려놓는 경우가 있습니다.\n<13><10>왼쪽<04>에서 던져진 <0E>요요<04>가 미로의 <1C>출구 앞까지 갔다가 <04>다시 손으로 돌아오면 <1F>어떤 회문<04>이 나올까요?\n<13><04>　　　　┏━━━━┳┳━━━━━━━━━━━━━━┓　　\n<13><10>ＳＴＡＲＴ☞<04>　　Ｒ┃┃Ｅ━━┓　┏　┏━━━┓　Ｐ┃　　\n<13><04>　　　　┣━━┓　┃┃Ｄ┏━┛　┗━┛　┏━┛　━┫　　\n<13><04>　　　　┃Ｃ　┃　┗┻━┛　┏━━┓　　┃Ｌ　　　┃　　\n<13><04>　　　　┣┓　┣Ｏ　　　　Ｔ　　Ｘ┃　Ａ┗━━━━┫　　\n<13><04>　　　　┃┗　　　┏━━━Ｈ━━┳┛　　　　　Ｖ<1C>☜ＥＮＤ\n<13><04>　　　　┗━━━━┻━━━━━━┻━━━━━━━━┛　　
281	629	0	<13><04>미궁에서 <19>"12"<04>를 생각하면 크게 떠오르는 것들이 있다.\n<13><04>예를 들면 탄생화&탄생석, 올림포스 12신, 시계, 십이지...\n<13><04>그리고 <19>황도 12궁<04>이 있다. <19>황도 12궁<04>은 아래와 같이 구성되어 있다.\n\n<13><04>물병자리　　물고기자리　　양자리　　　황소자리　　쌍둥이자리　　게자리　\n<13><04>사자자리　　처녀자리　　　천칭자리　　전갈자리　　궁수자리　　　염소자리\n\n<13><04>황도 12궁은 사실 황도 13궁이라는 설도 있다.\n\n<13><04>Ｑ．황도를 지나가지만 <1B>황도 12궁에 들어가지 못한 별자리<04>　＝　<08>？
282	753	0	<13><04>Ｑ．월별로 분류한 뒤 나오는 모양을 <1B>11월<04>, <1B>8월 <04>/ <1B>5월<04>, <1B>4월<04>, <1B>10월<04> 순으로 나열한 단어　＝　<08>？ \n<13><04>┏━━━━┳━━┳━━┳━━━┳━━━┓\n<13><04>┃페리도트┃８월┃상상┃견고함┃１０월┃\n<13><04>┣━━━━╋━━╋━━╋━━━╋━━━┫\n<13><04>┃은방울꽃┃지혜┃인내┃１１월┃금잔화┃\n<13><04>┣━━━━╋━━╋━━╋━━━╋━━━┫\n<13><04>┃에메랄드┃５월┃국화┃토파즈┃단백석┃\n<13><04>┣━━━━╋━━╋━━╋━━━╋━━━┫\n<13><04>┃스위트피┃추억┃４월┃즐거움┃금강석┃\n<13><04>┗━━━━┻━━┻━━┻━━━┻━━━┛\n<12><1E>［<1F>Ｘ<1E>로　페이지　이동　<1F>２／２<1E>］
283	342	0	<13><04>또 시계는 시침, 분침, 초침 3개의 바늘로 구성되어 있는데\n<13><04>이를 이용해 <19>3시 30분 45초<04>로 <19>T<04> / <19>6시 정각<04>으로 <19>I <04>를 나타내기도 한다.\n\n<13><04>Ｑ．그렇다면 <1B>1시 25분 5초<04>, <1B>6시 정각<04>, <1B>3시 30분 45초<04>, <1B>11시 5분 30초<04>　＝　<08>？\n\n\n\n\n<12><1E>［<1F>Ｘ<1E>로　페이지　이동　<1F>２／２<1E>］
284	537	0	<13><04>ＫＥＹＢＯＡＲＤ（ＱＷＥＲＴＹ）\n<13><05>ＮＥＷ　ＰＡＧＥ\n<13><16>ＱＷＥＲＴＹ자판은　영어　타자기나　컴퓨터　자판에서　가장　널리　쓰이는　자판　배열이다．\n\n<13><1F>１　２　３　４　５　６　７　８　９　０\n\n<13><1E>　Ａ　Ｓ　Ｄ　Ｆ　Ｇ　Ｈ　Ｊ　Ｋ　Ｌ　\n\n<13><1E>　　　Ｚ　Ｘ　Ｃ　Ｖ　Ｂ　Ｎ　Ｍ　　　\n\n<13><1F>퀴즈（１７８），냐옹（３９２），필터（８５３４），급료（０６）일때　빠진　것을　입력하자．
285	766	0	<13><04>어구전철（語句轉綴）\n\n<13><16>단어나　문장을　구성하고　있는　문자의　순서를　바꾸어　다른　단어나　문장을　만드는　것\n\n<13><1E>국왕은　한　왕국을　다스리는　자이다．<05>（예시：국왕↔왕국）\n<13><1E>신발을　벗으며　발신된　문자를　봤다．<05>（예시：신발↔발신）\n\n<13><1D>제작자들은　아래와　같이<02>＂<0F>갸슉딛<02>＂<1D>문제를　낼　때도　있는데，생각보다　쉬울　때도　있다．\n\n<13><02>＂<04>수두겨근햐겐댜즈<02>＂　<04>를　６의　길이를　가진　３개의　단어가　나오도록　어구전철하시오．\n<13><04>그러면　３개의　단어는　하나의　공통점을　가진다．<1F>공통점에서　빠진　단어를　입력하시오．
286	645	0	　\n<13><04>ＣＡＳＥ［<08>Ａ<04>］-　무작위의　０과１，흩어진　조각들이　숨죽이며　자신만의　빛을　간직하고　있다．\n\n<13><04>ＣＡＳＥ［<0E>Ｂ<04>］-　조각들은　질서를　모르는　듯　쌓이면서도，마침내　의미를　가진　채　태어난다．\n　　　　　　　　　　　　\n<13>　　　　　　　　　<0E>６５１５８６９０\n<13>　　　　　　　　　<0E>３３６９３７３０\n<13><08>３３５５４８８０　　　<04>＋　　　<0E>６５１５８７１８　　　<04>＝　<07>？\n<13>　　　　　　　　　<0E>３３６８６０５０\n<13>　　　　　　　　　<0E>３３７０１４１０
287	842	0	　　　　　　<08>Ｒ　　　　　　　<04>아름다운　한글은　삼원색처럼　조합을　통해　새로운　색을　만들어낸다．\n　　　　　　　　　　　　　　<08>Ｒ　：　새벽　대세　제대　　　　<10>Ｍ　：　쥬스　패스　캐드　　　　　　\n　　　　<17>Ｙ　<04>Ｗ　<10>Ｍ　　　　　<17>Ｙ　：　자비　메기　다시보기　　<1F>Ｃ　：　치유　카타르　치타\n　　　　　　　　　　　　　　<07>Ｇ　：　마린　온화　혼모노　　　<04>Ｗ　：　착불　들숨　칙촉\n　　<07>Ｇ　　　<1F>Ｃ　　　<0E>Ｂ　　　<04>아래　단어를　위　예시처럼　색으로　나눈　뒤　<08>２<1F>３<04>２<0E>３<07>５<04>를　읽어보자．\n　\n 　　　　　　　　　　<1B>패드　　휴무　　기사도　　백제　　궁금증　　하모니　　큐트
288	939	0	<13><04>잊을만　하면　<1B>┏<1E>구름구름구름구름구름<1B>┓<04>　떠오르네요．\n<13><04>그여름　장마　<1B>┃<1E>　　　　　　　　　　<1B>┃<04>　우산도　없이\n<13><04>우연히　만나　<1B>┃<1E>　　　Ｇ　　　　ㅊ　<1B>┃　<04>첫눈에　반해\n<13><04>옷이　젖어도　<1B>┃<1E>　Ｅ　　　　ㅗ　　　<1B>┃　<04>떨지　않았고\n<13><04>그저　서로가　<1B>┃<1E>　　　　　　　　　　<1B>┃　<04>다　젖은꼴이\n<13><04>재미있었다며　<1B>┃<1E>　　Ｚ　　　　ㅛ　　<1B>┃　<04>마주보고서，\n<13><04>이윽고　그친　<1B>┃<1E>　　　　　　　　　　<1B>┃　<04>그　빗속에서\n<13><04>서로의　옷을　<1B>┃<1E>　　　　Ｅ　　　ㅡ　<1B>┃　<04>바꿔　입고는\n<13><04>집으로　가자　<1B>┃<1E>Ｋ　　　　　ㅔ　　　<1B>┃　<04>말해주었던，\n<13><04>그대는　이제　<1B>┃<1E>내가맞은비네가맞은비<1B>┃　<04>먼　<06>미<0E>국　<04>땅\n<13><04>나는　그대로　<1B>┗<1F>서로의옷에나타난말은<1B>┛　<0E>한<06>국<04>에　있죠
289	585	0	<1E>지팡이<04>를 들고 <1E>선글라스<04>를 낀 두 사람이 이야기를 나누던 중 특이한 숫자를 발견했다.\n\n<15>고먐미　　　 <04>: 이게 뭐지? 이봐, 여기 이상한 숫자가 있어!\n<11>리로이젠킨스 <04>: 뭐? 어떤 숫자인데?\n<15>고먐미　　　 <04>: <19>111000101010111001100010<04>...? 이게 무슨 뜻이지?\n<11>리로이젠킨스 <04>: 아하! 알 것 같아. 그건 <19>사랑<04>이라는 뜻이야.\n<15>고먐미　　　 <04>: 그럼 <1B>111010010100101110110110<04> 이건 무슨 뜻이지? \n<11>리로이젠킨스 <04>: 그건...\n\n<15>고먐미<04>가 물어본 <1B>숫자의 의미<04>　＝　<08>？
290	358	0	<04>넷가<11>Ｓ<04>피에메랄\n<04>제찾아트낸수드\n<04>비의앞위자리백\n<04>꽃월과스뒷자합\n<04>아콰마린글비루　　　<11>Ｓ(1) <04>-> <15>Ｅ(12)\n<04>스러올디라리일　　　<19>올바른 길<04>과 <19>남은 것<04>들을 조합했을 때 <1B>알 수 있는 것　<04>＝　<08>？\n<04>사의탄즈포생화\n<04>파를찾파인아적\n<04>이으면토세된다\n<04>어금잔화티아<15>Ｅ
291	838	0	<04>┏━━━━━　<0F>１２신의　주둔지　<04>━━━━━┓\n<04>┃　　　　　　　　　　　　　　　　　　　　┃\n<04>┃　　　　┏━━━━　<1C>Ｅ　<04>━━━━━━┓　┃\n<04>┃　　　　┃　　　　　　　　　　　　　┃　┃\n<04>┃　<11>Ｍ　　<04>┃　ｇ　　ｔ　　　　　　ｕ　┃　┃　　<19>g<04>, <19>c<04>, <19>t<04>, <19>u<04>는 <19>국가<04>일 때　　　　　　　　　　\n<04>┃　　　　┃　　　ｃ　　　　　　　　　┃　┃　　<1B>떨어져 있는 국가와 M<04>을 한글로 이어서 쓴 것　＝　<08>？\n<04>┃　　　　┃　　　　　　　　　　　　　┃　┃\n<04>┃　　　　┗━━━━━━━━━━━━━┛　┃\n<04>┃　　　　　　　　　　　　　　　　　　　　┃\n<04>┗━━━━━━━━━━━━━━━━━━━━┛
292	593	0	<04>좋은 소재에는 무엇이 있을까?\n<04>정해진 것은 없다고 생각하지만\n<04>주로 많이 쓰이는 소재가 뭐냐 물어본다면\n<04>이 미궁 안에서도 그 답을 구할 수 있다 생각한다.\n<04>수 많은 소재들 중에 주로 쓰이는 소재들을 소개하는 이 미궁은\n<04>약간 주제넘을 수도 있지만 여러 소재에 익숙해 질 수 있는 미궁이라 생각한다.\n<04>이런 미궁으로 주로 쓰이는 소재를 학습할 수 있다면\n<04>많은 사람들에게 도움이 될 거라고 주장해 본다.\n\n<04>주위를 둘러보면 <07>무엇<04>이 보이는가?
293	1510	0	　　　　<04>　──────────<1E>│<04>───────────<1E>│<04>───────────　<1B>가　　곡\n　　　　　　　　　　　　　　　<1E>│　　　　　　　　　　　<1E>│　　　　　　　　　　　　<1B>수　　명\n　<1E>Ｔ　　　<04>──────────<1E>│<04>───────────<1E>│<04>───────────　\n　<1E>Ｒ　Ｃ　　　　　　　　<07>○　　<1E>│　　　　　　　　　　　<1E>│　　　　　　　　<07>○　　　<19>Ｉ　　★\n　<1E>Ｅ　Ｌ　<04>──────────<1E>│<04>───────────<1E>│<04>────<07>○<04>──────　<19>Ｎ　　★\n　<1E>Ｂ　Ｅ　　　　<07>○　　　　　　<1E>│　　　　　　　　　　　<1E>│　　　　　　　　　　　　<19>Ｆ　　★\n　<1E>Ｌ　Ｆ　<04>──────────<1E>│<04>───────────<1E>│<04>───────────　<19>Ｉ　　★\n　<1E>Ｅ　　　　　　　　　　　　　<1E>│　　　　　　<07>○　　　　<1E>│　　　　　　　　　　　　<19>Ｎ\n　　　　　<04>──────────<1E>│<04>──<07>○<04>────────<1E>│<04>───────────　<19>Ｉ　　★\n　　　　　　　　　　　　　　　　　　　　　　　　　　　　　　<07>○　　　　　　　　　<19>Ｔ　　★\n　　　　　<04>－<07>○<04>－　－<07>○<04>－　　　　　　　－<07>○<04>－　－<07>○<04>－　　　　　　　－<07>○<04>－　　　　<19>Ｙ　　★
294	1222	0	<15>┏━<07>＜ＰＡＧＥ１＞<15>━┓ <1E>※ 규칙을 찾아 왼쪽의 체스판을 해석하고, 아래 물음에 답하시오.\n<15>┃<1D>Ｐ　　　<15>┃　<04>Ｐ　　<15>┃ <1E>답은 문양(영어) + 숫자로 적어 주세요.\n<15>┃　<04>Ｐ　　<15>┃<1D>Ｐ　　　<15>┃ \n<15>┃　　　　<15>┃　　　<04>Ｐ<15>┃ <06>─<0E>─<0F>─<10>─<11>─<15>━<04>━<17>━<07>ＲＵＬＥＢＯＯＫ<17>─<04>─<15>─<11>─<10>─<0F>━<0E>━<06>━\n<15>┃　　　<1D>Ｎ<15>┃　　<1D>Ｐ　<15>┃ <07>Rule A. <04>백<17>이 아래에서, <1D>흑<04>이 위에서 시작한다. \n<15>┣━━━━<15>╋━━━━┫ <07>Rule B. <04>왼쪽의 그림은 4x4 체스판 4개를 붙여 둔 모양으로, 십자선을 넘을 수 없다.\n<15>┃　　　<1D>Ｒ<15>┃　<04>Ｋ　Ｎ<15>┃ <07>Rule C. <04>기물 가치는 국제 규격이나 킹은 10으로 계산한다.\n<15>┃　　<04>Ｂ　<15>┃　　　　<15>┃ <07>Rule D. <04>모든 말은 단 1회, 공격 범위 내의 상대 기물을 잡고 이동한다.\n<15>┃<1D>Ｒ　　　<15>┃　　　　<15>┃ <07>Rule E. <04>같은 색이 붙으면 ♤이며, 나머지 규칙은 <1C>X키로 페이지를 전환<04>해 확인하자.\n<15>┃　<04>Ｐ　　<15>┃<1D>ＢＲ　　<15>┃ \n<15>┗━━━━┻━━━━┛ <1F>Clue. <04>왼쪽을 해석한 결과, <1F>현재 가능한 가장 높은 패<04>를 완성하기 위해 필요한 것은?
295	443	0	　\n<04>■<1E>■<04>■<1E>■<1F>Ｑ<1E>■<04>■<1E>■\n<1E>■<04>■<1E>■<04>■<1F>Ｐ<04>■<1E>■<04>■       \n<04>■<1E>■<04>■<1E>■<04>■<1E>■<04>■<1E>■　　　　　<04>그들의　<1F>발자취<04>를　따라　걷는　순간에，\n<1E>■<04>■<1E>■<04>■<1E>■<04>■<1E>■<04>■     \n<1F>Ｒ<1E>■<04>■<1E>■<1F>Ｎ<1E>■<04>■<1E>■       \n<1E>■<04>■<1E>■<04>■<1E>■<04>■<1E>■<04>■　　　　　<07>아름다움이　스스로　모습을　드러낸다<04>． \n<04>■<1F>Ｋ<04>■<1E>■<04>■<1E>■<04>■<1E>■       \n<1E>■<04>■<1E>■<04>■<1E>■<04>■<1E>■<04>■
296	223	0	<13><04>누군가 전자 장치로 곡을 기록해두었다.\n\n<13><1F>좋은 추억 남기길 바라마\n<13><1D>우리는 도시에서 탈출해\n<13><1F>아마 바다에 가나\n<13><1D>모레지만 미리 파라솔 챙기자\n\n<13><04>이 곡의 제목 = <08>？
297	824	0	<13><04>누군가 스케줄러에 노래하기 전 필요한 재료를 기록해두었다.\n\n<13><0F>ＳＵＮ<04>┃<0F>ＭＯＮ<04>┃<0F>ＴＵＥ<04>┃<0F>ＷＥＤ<04>┃<0F>ＴＨＵ<04>┃<0F>ＦＲＩ<04>┃<0F>ＳＡＴ　　　　　　　　　　　\n<13><04>━━━╋━━━╋━━━╋━━━╋━━━╋━━━╋━━━　　　　　　　　　　　\n<13><04>　　　┃　<07>２　<04>┃　　　┃　<1F>１　<04>┃　<1D>３　<04>┃　　　┃　　　　＋　트　＝　바디솔트\n<13><04>　<07>２　<04>┃　　　┃　　　┃　　　┃　　　┃　<1F>１　<04>┃　<1F>３　　<04>＋　무　＝　가시나무\n<13><04>　<1F>１　<04>┃　　　┃　<1F>３　<04>┃　　　┃　　　┃　　　┃　<1D>２　　<04>＋　팩　＝　다시마팩\n<13><04>　<1D>１　<04>┃　<1F>２　<04>┃　　　┃　　　┃　<07>３　<04>┃　　　┃　　　　＋　즙　＝　<08>？　　　
298	559	0	　\n<13><04>삶의　<1B>배경<04>을　새롭게　채색하는　세계　여행\n\n<13><02>　러　스　니　헝　미　이　말　레　르　라　레　\n<13><02>　시　페　제　가　얀　집　라　소　완　오　바　\n<13><02>　아　인　르　리　마　트　위　토　다　스　논　\n\n<13><1B>　　　ＭＩＲＲＯＲ　<04>　　－　<03>바티칸　<04>시국\n<13><1B>　　　ＸＥＮＯＮ　<04>　　　－　<04>몰<08>타　　　　\n<13><1B>　　　　ＲＥＳＯＵＲＣＥ　<04>－　<18>멕<04>시<08>코　　　　\n<13><1B>　　　ＯＰＥＲＡ　　　　<04>－　<07>？　　　　　
299	314	0	<04>〈 1 2 3 6 9 10 11 〉 + ≪ 55 5 ≫ <04>= <19>Heart <04>일 때\n\n<04>≪ 15 30 45 ≫\n<04>〈 12 9 6 3 12 〉\n<04>〈 10 7 〉 + ≪ 35 25 ≫ + 〈 5 2 〉\n<04>〈 9 3 12 9 6 5 〉\n<04>〈 12 2 〉 + ≪ 0 10 20 30 ≫ = <1B>A\n\n<04>이 <19>소재와 관련<04>하여 〈 11 7 5 1 〉 , ≪ 0 10 20 30 ≫ 에서 <1B>가장 유명한 A　<04>＝　<08>？
300	464	0	<04>일반적으로 순위를 매길때 <03>1등<04>이 제일 위에 위치하지만\n<04>이 곳에서는 <15>3등<04>이 제일 위에 위치해요.\n\n<04>이 곳에는 다른 친구들도 많이 살고있는데\n<03>1등<04>, <1E>2등<04>, <15>3등<04>은 사이좋게 붙어있어요.\n\n<03>1등 <04>양 옆에 살고있는 친구들과 <03>1등<04>, <1E>2등<04> 친구들은 닮은 부분이 있어요.\n<04>닮은 부분을 제외하면 <1F>이 사람<04>을 만날 수 있어요.\n\n<1F>이 사람<04>의 <07>직업<04>은 무엇 일까요?
301	1767	0	<13><04>┃　　　　　　　　　　<04>┃<04>１０개버튼<04>┃　　　　　　　　　　<04>┃<1D><16>○＜<16>◎＜<16>●<04>┃　　<16><16>○　　　　　　　<04>┃　　　\n<13><04>┃　　　　　　　　　　<04>┃　　　　　<04>┃　　　　　　　　　　<04>┃　　　　　<04>┃　　　　　　<16>●　　　<04>┃　　　\n<13><04>┃　　　　　　　　　　<04>┃　　　　　<04>┃　　　　　　　　　　<04>┃　　　　　<04>┃<16>◎　　　　　　　　　<04>┃　　　\n<13><04>┃　　　　　　　　　　<04>┃　　　　　<04>┃　　　　　　　　　　<04>┃　　　　　<04>┃　　　　<16>◎　　　　　<04>┃　　　\n<13><04>┃　　　<16>○　　　　　　<04>┃　　　　　<04>┃　　　　　　　　　　<04>┃　　　　　<04>┃　　　　　　<16>●　　　<04>┃　　　\n<13><04>┃　　<16>○　　　　　　　<04>┃　<03>＝<07>정답　<04>┃　　　　<16>○　　　　　<04>┃　<03>＝<07>입력　<04>┃　　　　　<16>◎　　　　<04>┃　<03>＝<1F>？\n<13><04>┃　<16>○　　　　　　　　<04>┃　　　　　<04>┃　　　　　　<16>○　　　<04>┃　　　　　<04>┃　　　　<16>○　　　　　<04>┃　　　\n<13><04>┃　<16>◎　　　　　　　　<04>┃　　　　　<04>┃　　　　　　　　　<16>○<04>┃　　　　　<04>┃　　　　　<16>○　　　　<04>┃　　　\n<13><04>┃　　　　　<16>●　　　　<04>┃　　　　　<04>┃　　　　　<16>●　　　　<04>┃　　　　　<04>┃　　　　　<16>◎　　　　<04>┃　　　\n<13><04>┃<16>◎　　　　　　　　　<04>┃　　　　　<04>┃　　　　　　　<16>○　　<04>┃　　　　　<04>┃　　　<16>○　　　　　　<04>┃　　　\n<13><1E>┗<02>━<1E>━<02>━<1E>━<02>━<1E>━<02>━<1E>━<02>━<1E>━<02>┛　　　　　<1E>┗<02>━<1E>━<02>━<1E>━<02>━<1E>━<02>━<1E>━<02>━<1E>━<02>┛　　　　　<1E>┗<02>━<1E>━<02>━<1E>━<02>━<1E>━<02>━<1E>━<02>━<1E>━<02>┛　　　
302	1623	0	<13><1E>┌─　─　─　─　─　─　─　─　─　─　─　─　─　─　─　─　─　─　─　─　─　─　─　─　─　─┐\n<13><1E>│<16>안　녕　하　세　요　이　곳　은　로　마　입　니　다　．　여　기　에　서　는　아　이　，　어　른　할　것<1E>│\n<13><1E>│<16>없　이　관　광　하　러　많　이　오　시　고　브　이　로　그　도　찍　어　가　죠　．　마　침　，　한　관<1E>│\n<13><1E>│<16>광　객　이　크　게　엑　스　표　시　를　하　고　있　네　요　．　허　걱　．　콜　로　세　움　에　서　핸<1E>│\n<13><1E>│<16>드　폰　을　잃　어　버　리　다　니　．　참　서　글　프　네　요　．　엘　티　이　도　잘　안　터　지　고<1E>│\n<13><1E>│<16>．　저　는　카　메　라　를　잃　었　었　죠　．　아　，　키　리　쿠　스　막　시　무　스　를　알　고　계<1E>│\n<13><1E>│<16>세　요　？　로　마　제　국　에　서　가　장　큰　경　기　장　이　라　고　하　지　요　．　어　디　에　서<1E>│\n<13><1E>│<16>들　었　는　데　，　로　마　어　딘　가　에　로　마　의　엠　블　렘　이　여　럿　존　재　한　대　요　．<1E>│\n<13><1E>└─　─　─　─　─　─　─　─　─　─　─　─　─　─　─　─　─　─　─　─　─　─　─　─　─　─┘\n\n<13><04>글에　숨겨져　있는　글자는　어떤　문장의　앞부분을　나타내고　있다．<1F>문장의　뒷부분을　유추하여라．
303	402	0	\n<04>다음은 <1F>은하<04>의 이번주 일정이다.\n\n<04>화요일 <04>- 아무 일정 없는 날. 푹쉬자.\n<04>수요일 <04>- 답답한 깁스 푸는 날! 신난다~\n<04>목요일 <04>- 점심약속은 12시 30분이야. 잊지마!\n<04>금요일 <04>- 한우 먹는 날~ 오랜만에 데이트♡\n<04>토요일 <04>- 즐거웠던 한 주도 끝. 이제 시험 공부 시작하자!\n\n<04>위 <1F>일정<04>으로 알아낼 수 있는 <07>것<04>은?
304	238	0	<15>고먐미<04>가 십이지로 놀이를 하고 있다. \n\n<04>( 축 묘 사 미 유 해 ) x ∞ = <17>벌집<04>\n<04>묘 미 미 묘 해 해 = <11>모래시계<04> 일 때\n\n<1B>축 인 진 사 오 미 신 신 미 해 술 술 해 자 축 인 진 사　<04>＝　<08>？
305	642	0	<13><04>아무것도 적혀있지 않은 채 <1D>검은 천<04>이 씌워진 <10>박스가 세 개<04> 있다.\n<13><1D>박스 <04>안에 <07>같은 것이 들어있을 수는 있으나, 주인은 모두 다르다.\n<13><1B>총 <1C>세 <18>번 <1D>박스<04>에 손을 넣어 물건을 아무거나 하나씩 꺼냈을 때\n<13><04>\n<13><1B>1차<04> 『 <06>박스 A : 단축키 U <04>/ <0E>박스 B : 75 <04>/ <0F>박스 C : 거북이 등껍질<04> 』\n<13><1C>2차 <04>『 <06>박스 A : 500<04> / <0E>박스 B : 거미줄<04> /<0F> 박스 C : 단축키 U <04>』\n<13><18>3차<04> 『 <06>박스 A : 거북이 등껍질<04>/ <0E>박스 B : Cloak<04> /<0F> 박스 C : Cloak <04>』\n<13><04>를 얻을 수 있었다.\n\n<13><04>세 박스의 주인을 유추하고, <1F>공통점<04>을 찾으시오.
306	1171	0	<1E>내 우주 안에서 나를 중심으로 끊임없이 공전하는 구체들\n<1E>검은색 도화지 속에서 반짝이며 유일하게 빛나는 <08>이<07>름<0E>들\n<1E>화려하게 빛을 내며 어두운 나를 밝혀주는 <11>★<1E>의 움직임\n<1E>그들이 내게 알려준 소중한 답은 <08>★★★<04>... <07>★★★<04>... <11>★<04>... <0E>★★★\n\n　　　<11>★　<1E>┃　<11>★　　<07>ㄱ<1E>┃　　<04>음　　<1E>┃<07>ㅌ　　　　<1E>┃　　　　　<1E>┃　　　　<08>ㅇ<1E>┃　　<0E>ㅇ　　<1E>┃<08>ㄹ　　　　\n　　　　　<1E>┃　　　　　<1E>┃<11>★　　　　<1E>┃　　　　　<1E>┃　　　　　<1E>┃　　　　　<1E>┃　　　　　<1E>┃　　　　　\n　　<1E>＠　<17>ㄲ<1E>┃<0E>ㅓ　<1E>＠　　<1E>┃　　<1E>＠　　<1E>┃　<11>★<1E>＠　<0E>ㄷ<1E>┃<17>교　<1E>＠<11>★　<1E>┃<0E>ㅇ　<1E>＠　　<1E>┃　　<1E>＠　　<1E>┃　　<1E>＠　<0E>ㅣ\n　　　　　<1E>┃　　　　　<1E>┃　　　　　<1E>┃　　　　　<1E>┃　　　　　<1E>┃　　　　<11>★<1E>┃　　　　　<1E>┃\n　　<0E>ㅇ　　<1E>┃<08>ㅡ　　　　<1E>┃　　　　　<1E>┃　　　　<08>ㅇ<1E>┃　　<0E>ㅓ　　<1E>┃<07>ㄱ　　　　<1E>┃　　<17>ㅢ<11>★　<1E>┃　<11>★　　<07>ㅌ                                                                            
307	1634	0	<13><04>누군가 전자 달력에 가수의 일정을 기록해두었다.\n\n<13><0F>　日　　　月　　　火　　　水　　　木　　　金　　　土　<04>┃　　<0F>日　　　月　　　火　　　水　　　木　　　金　　　土\n<13><04>━━━━━━━━━━━━━━━━━━━━━━━━━━━╋━━━━━━━━━━━━━━━━━━━━━━━━━━━\n<13><04>　　　　　　　　　<1F>１　　　２　　　３　　　４　　　<04>５　┃　　　　　　　　　　<1D>１　　　２　　　３　　　４　　　<04>５\n<13><04>　６　　　<1F>７　　　８　　　<04>９　　<1F>１０　　<04>１１　　１２　┃　　<1F>６　　　７　　　８　　　９　　１０　　<04>１１　　１２\n<13><04>１３　　１４　　<0F>１５　　１６　　１７　　１８　　<04>１９　┃　１３　　<1F>１４　　１５　　１６　　１７　　１８　　<04>１９\n<13><0F>２０　　２１　　２２　　<04>２３　　<0F>２４　　<04>２５　　<0F>２６　<04>┃　２０　　２１　　<0F>２２　　２３　　２４　　２５　　<04>２６\n<13><1D>２７　　２８　　２９　　３０　　３１　　　　　　　　　<04>┃　２７　　<1D>２８　　２９　　<04>３０　　<1D>３１　　　　　　　　\n<13><1F>　　　１<04>，<1F>２<04>주에서　<0F>３<04>，<0F>４<04>주하게　<1D>５<04>주를　쓸　일정　　┃　　　　<1D>１<04>，<1F>２<04>，<1F>３<04>주의　<0F>４<04>，<1D>５<04>주에　방문할　일정　　　\n<13><04>　　　（<1F>바다<04>）　　　（<0F>수월<04>）　　　（<1D>시<04>）　　　　　　　┃　　　　　　　방문할　곳의　이름　＝　<08>？　　　　　　　
308	844	0	　　　　<0E>ｙ　　　　　　<04>（０，５，０）　－＞　（－３，０，０）－＞　（０，－５，０）　－＞\n　　　　<0E>│　　　<07>ｚ　　　\n　　　　<0E>│　　<07>／　　　<04>（３，０，０）　－＞　（０，０，３）　－＞　（－３，０，０）　－＞\n　　　　<0E>│　<07>／　　　　　\n　　　　<0E>│<07>／　　　　　<04>（０，０，－３）－＞　（３，０，０）　－＞　（０，５，０）　　－＞　\n<08>ｘ───<04>┼<08>────　　　　\n　　　　<0E>│　　　　　　<04>（０，０，３）　－＞　（０，－５，０）－＞　（０，０，－３）　－＞　（０，５，０）\n　　　　<0E>│\n　　　　<0E>│　　　　　　　<04>한　붓을　이용해　이것을　그린다면，　나타나는　것은　무엇일까？　
309	817	0	<13><04>도쿄도의 어느 거리, 맨투맨을 입은 이가 내게 말하길..\n<13><1C>'이곳은 위험해요. 사실 저도 한국인입니다. 이걸 보시죠.'\n<13><04>『<08>혼세에　태어난　영웅이　말에서　떨어졌다．\n<13><08>　다시아의　별이　졌다．소위스　은행이　무너　\n<13><08>　졌다．민도인의　사텔스　폭격기가　아그마를　　\n<13><08>　뿌리고，　체초제가　숲을　망친다．전격젼이　　\n<13><08>　벌어질　것이다．롱중몽을　깨부숴　카랭크를　　\n<13><08>　당기고　세상의　멸망을　늦추어야　한다！！<04>』\n<13><1C>'회문 단어가 되는 것을 교묘하게 방해한 <1F>엄마 혹은 아들을 찾으세요.\n<13><1C> 그리고 범인들 끼리 모아놓고 다시 조합하시면,\n<13><1C> 제가 하고 싶었던 말을 이해하실 겁니다.'
310	603	0	<04>처┃녀┃궁┃보┃병┃궁\n<04>━╋━╋━╋━╋━╋━\n<04>사┃자┃궁┃쌍┃아┃궁\n<04>━╋━╋━╋━╋━╋━　　정신을 차렸을 때 우리는 이미 <19>약자<04>가 된 후였다.\n<04>천┃갈┃궁┃쌍┃어┃궁　　궁수는 <19>기호<04>에 맞는 무기를 들었고, 시위는 당겨졌다.\n<04>━╋━╋━╋━╋━╋━\n<04>백┃양┃궁┃금┃우┃궁　　<1B>화살의 경로<04>를 따라가면 나오는 것　＝　<08>？\n<04>━╋━╋━╋━╋━╋━\n<04>거┃해┃궁┃천┃칭┃궁\n<04>━╋━╋━╋━╋━╋━\n<04>인┃마┃궁┃마┃갈┃궁
311	1238	0	<15>┏━━━━┓<06>폰의공<15>┏━━━━┓<06>격방향<15>┏━━━━┓<06>은국룰<15>┏━━━━┓<06>을따름<07>＜ＰＡＧＥ２＞\n<15>┃　　　　┃　　　┃　　　<1D>Ｎ<15>┃　　　┃　　　<04>Ｐ<15>┃　　　┃<04>Ｐ　　Ｐ<15>┃\n<15>┃　<1D>ＫＰ　<15>┃　　　┃　　　　<15>┃　　　┃　<04>Ｎ　　<15>┃　　　┃　　　　┃\n<15>┃　　　　<15>┃　　　┃　<1D>Ｂ<04>Ｐ　<15>┃　　　┃　　　　<15>┃　　　┃　　　　┃\n<15>┃　　　　<15>┃<1B>＝<1D>Ｊ♤<15>┃　　　　┃<1B>＝<1D>６♤<15>┃　　　<04>Ｂ<15>┃<1B>＝<1D>７♧<15>┃<1D>Ｒ　　Ｒ<15>┃<1B>＝<1D>１０♧\n<15>┣━━━━┫　　　┣━━━━┫　　　┣━━━━┫　　　┣━━━━┫\n<15>┃　　　　<15>┃　　　┃<04>Ｂ　ＮＮ<15>┃　　　┃<04>Ｐ　　　<15>┃　　　┃<1D>Ｒ　　　<15>┃\n<15>┃　<1D>Ｂ<04>Ｂ　<15>┃　　　┃　　　　┃　　　┃　　　<04>Ｎ<15>┃　　　┃　<04>Ｐ　　<15>┃\n<15>┃　　　　<15>┃　　　┃　　　　┃　　　┃<1D>Ｐ　　　<15>┃　　　┃　　　<04>Ｎ<15>┃\n<15>┃　<04>Ｐ<1D>Ｐ　<15>┃<1B>＝<06>８♡<15>┃<1D>Ｂ　ＢＮ<15>┃<1B>＝<06>Ｑ♡<15>┃　　　　┃<1B>＝<06>５◆<15>┃<1D>Ｐ　Ｑ　<15>┃<1B>＝<06>Ｊ◆\n<15>┗━━━━┛　　　┗━━━━┛　　　┗━━━━┛　　　┗━━━━┛
312	24	0	sound\bullet\pshield.wav
313	240	0	<13><08>[미궁] A to Z\n\n<13><04>최상위 플레이어가 알파벳을 클릭해 문제를 선택하세요.\n\n<13><04>정답 입력  <07>@채팅 <1E>(한글 or 영어 소문자 or 숫자 / 띄어쓰기 X)\n<13><04>문제 보기 <08>Z<04>　검은 화면 <17>C　<04>ＢＧＭ <1F>INSERT
314	240	0	<13><11>[미궁] A to Z\n\n<13><04>최상위 플레이어가 알파벳을 클릭해 문제를 선택하세요.\n\n<13><04>정답 입력  <07>@채팅 <1E>(한글 or 영어 소문자 or 숫자 / 띄어쓰기 X)\n<13><04>문제 보기 <08>Z<04>　검은 화면 <17>C　<04>ＢＧＭ <1F>INSERT
315	19	0	sound\misc\buzz.wav
316	10	0	<12><03>BGM <08>off
317	9	0	<12><03>BGM <07>on
318	45	0	<12><04>지금은 BGM을 종료할 수 없습니다
319	20	0	\n\n\n\n<13><07>Correct\n\n\n\n\n\n\n
320	42	0	\n\n\n<13><04>모든　준비는　끝났다\n\n\n\n\n\n\n
321	123	0	\n\n<13><04>정확한　길을　찾는　방법을　알았다면\n\n<13><11>이제　그　끝을　향해　걸어가야　한다\n\n\n\n\n\n\n
322	123	0	\n\n<13><04>점확한　긴을　잣는　밤멈믈　알맜다연\n\n<13><11>미제　그　끌을　앙앵　검어가아　한나\n\n\n\n\n\n\n
323	22	0	sound\glue\swishin.wav
324	122	0	\n\n<13><04>저말마　№흐　∀는　밤멈믈　Θㅩ다∑\n\n<13><11>□새　⊃　끄을　앙○　머ⓞ가아　＃나\n\n\n\n\n\n\n
325	121	0	\n\n<13><04>ㆌ∥마　№＆　∀는　밤ㆄＣ　Θㅩ다∑\n\n<13><11>□＃　⊃　끄┼　Ｏ●　머ⓞ가Д　＃Ｘ\n\n\n\n\n\n\n
326	119	0	\n\n<13><04>ㆌ∥┳　№＆　∀┗　┣ㆄＣ　ΘㅩＡ∑\n\n<13><11>＃╃　─　┗┼　Ｏ※　Γⓞ┹Д　Λ┐\n\n\n\n\n\n\n
327	157	0	\n\n<13><04>　∥┳　№＆　∀┗　　ㆄＣ　ΘㅩＡ∑\n<13><04>！<11>┌　　　　　　<11>│　<04>┘\n<13><11>＃　　─　┗┼　　※　Γⓞ┹Д　Λ┐\n\n\n\n\n\n\n
328	173	0	\n\n<13><04>　∥　　　＆　　┗　　ㆄＣ　　ㅩ　∑\n<13><04>！<11>┌─<04>┌　　<11>╉　　┌　<11>┐┼　<04>┘\n<13><11>＃　　─　┗　　　　　Γ　┹　　Λ┐\n\n\n\n\n\n\n
329	174	0	\n\n<13><04>　∥　<11>│　<04>╊　　┗　　<11>┌<04>┘　　┪　┢\n<13><04><11>┬<04>┌　　<11>╉　　┌　<11>┩　　<04>┴\n<13><04>│<11>　　─　├　　　　　│　┹　　　┐\n\n\n\n\n\n\n
330	183	0	\n\n<13><04>　　　<11>│　<04>┐<11>┐　　<04>┗　　<11>┌<04>┘　　┪　\n<13><04><11>┌<04>┌　　<11>　　　┌　<11>┩　　<04>┴<04>　┠\n<13><04>┼<11>　　　　├　　　　　┲　─　　　┐\n\n\n\n\n\n\n
331	182	0	\n\n<13><11>　┌　☆　<04>┐<11>┐　　┬│　㉿<04>┘　　┪　\n<13><04><08>　<04>┌　　<08>　　　<04>┐　<11>│　　<04>┴<11>│　\n<13><04>┼<11>　　　　├　　　　　　　─　　　<04>├\n\n\n\n\n\n\n
332	185	0	\n\n<13><11>　┌　※　　ㅥ　　＠│┐　㉿┌　　　　　\n<13><04><08>　<04>┌　│<08>　　　<04><11>┌　　　<04>┴　┼\n<13><04>ㅞ<11>　　　┨　　　　　<04>│　　　　　　　<04>├\n\n\n\n\n\n\n
333	181	0	\n\n<13><11>　┌　※　　ㅥ　┌＠│┐　㉿┌　　　　　\n<13><04><11>　　│　　　　<04>　　　　<04>┴　　\n<13><04>ㅞ　　└╋　　　└　<04>│　　　　┌　　<04>├\n\n\n\n\n\n\n
334	137	0	\n\n<13><11>　┌　㏁　　ㅥ　ㆅＡ│┐　￦┌┃　　　　　\n\n<13><04>ㅞ　　└╋　　　└　<04>│　　　　┌　　<04>├\n\n\n\n\n\n\n
335	130	0	\n\n<13><11>　┌　㏁　　ㅥ　ㆅＡㅿ　─┌　　　　　\n\n<13><04>　§　└◎　　♬　　<04>│　　　　□　　<04>├\n\n\n\n\n\n\n
336	100	0	\n\n<13><11>　Ð　эЖ　　ㆅＡㅿ　┌　　　\n\n<13><04>　§　└◎　Й　<04>＃　Θ　<04>ξ　　\n\n\n\n\n\n\n
337	90	0	\n\n<13><11>　Ð　Д　　ψП　Γ　　　\n\n<13><04>　□　└┐Й　<04>＠　　Б<04>Γ　　\n\n\n\n\n\n\n
338	74	0	\n\n<13><11>　Д　　§П　ξ　　\n\n<13><04>　○　└ΔΓ　<04>Б　Θ<04>Γ　\n\n\n\n\n\n\n
339	73	0	\n\n<13><11>　Д　Г○　ㄱ　\n\n<13><04>　ㅇㅠ　Γ　<04>ㅫ　Θ<04>├　　\n\n\n\n\n\n\n
340	67	0	\n\n<13><11>Д　ｔ○　ｚ　\n\n<13><04>　유　Б　◁ㅧ　ⁿ├　\n\n\n\n\n\n\n
341	59	0	\n\n<13><11>Ａ　ｔｏ　Ｚ\n\n<13><04>융　Б　ㅎ├　ㄹ├\n\n\n\n\n\n\n
342	57	0	\n\n<13><11>Ａ　ｔｏ　Ｚ\n\n<13><04>　융　합　하　라\n\n\n\n\n\n\n
343	44	0	\n\n<13><11>Ａ ｔｏ Ｚ\n\n<13><04>융 합 하 라\n\n\n\n\n\n\n
344	33	0	\n\n<13><11>A to Z\n\n<13><04>융합하라\n\n\n\n\n\n\n
345	57	0	\n\n<13><11>[미궁] A to Z\n\n<13><04>융합하라　응용하라\n\n\n\n\n\n\n
346	24	0	sound\glue\bnetclick.wav
347	55	0	\n\n\n\n<13><04>융합하라　응용하라　지배하라\n\n\n\n\n\n\n
348	23	0	sound\glue\swishout.wav
349	0	0	
350	0	0	
351	0	0	
352	0	0	
353	0	0	
354	0	0	
355	0	0	
356	0	0	
357	0	0	
358	0	0	
359	0	0	
360	0	0	
361	0	0	
362	0	0	
363	0	0	
364	0	0	
365	0	0	
366	0	0	
367	0	0	
368	0	0	
369	0	0	
370	0	0	
371	0	0	
372	0	0	
373	0	0	
374	0	0	
375	0	0	
376	0	0	
377	0	0	
378	0	0	
379	0	0	
380	0	0	
381	0	0	
382	0	0	
383	0	0	
384	0	0	
385	0	0	
386	0	0	
387	0	0	
388	0	0	
389	0	0	
390	0	0	
391	0	0	
392	0	0	
393	0	0	
394	0	0	
395	0	0	
396	0	0	
397	0	0	
398	0	0	
399	0	0	
400	0	0	
401	0	0	
402	0	0	
403	0	0	
404	0	0	
405	0	0	
406	0	0	
407	0	0	
408	0	0	
409	0	0	
410	0	0	
411	0	0	
412	0	0	
413	0	0	
414	0	0	
415	0	0	
416	0	0	
417	0	0	
418	0	0	
419	0	0	
420	0	0	
421	0	0	
422	0	0	
423	0	0	
424	0	0	
425	0	0	
426	0	0	
427	0	0	
428	0	0	
429	0	0	
430	0	0	
431	0	0	
432	0	0	
433	0	0	
434	0	0	
435	0	0	
436	0	0	
437	0	0	
438	0	0	
439	0	0	
440	0	0	
441	0	0	
442	0	0	
443	0	0	
444	0	0	
445	0	0	
446	0	0	
447	0	0	
448	0	0	
449	0	0	
450	0	0	
451	0	0	
452	0	0	
453	0	0	
454	0	0	
455	0	0	
456	0	0	
457	0	0	
458	0	0	
459	0	0	
460	0	0	
461	0	0	
462	0	0	
463	0	0	
464	0	0	
465	0	0	
466	0	0	
467	0	0	
468	0	0	
469	0	0	
470	0	0	
471	0	0	
472	0	0	
473	0	0	
474	0	0	
475	0	0	
476	0	0	
477	0	0	
478	0	0	
479	0	0	
480	0	0	
481	0	0	
482	0	0	
483	0	0	
484	0	0	
485	0	0	
486	0	0	
487	0	0	
488	0	0	
489	0	0	
490	0	0	
491	0	0	
492	0	0	
493	0	0	
494	0	0	
495	0	0	
496	0	0	
497	0	0	
498	0	0	
499	0	0	
500	0	0	
501	0	0	
502	0	0	
503	0	0	
504	0	0	
505	0	0	
506	0	0	
507	0	0	
508	0	0	
509	0	0	
510	0	0	
511	0	0	
512	0	0	
513	0	0	
514	0	0	
515	0	0	
516	0	0	
517	0	0	
518	0	0	
519	0	0	
520	0	0	
521	0	0	
522	0	0	
523	0	0	
524	0	0	
525	0	0	
526	0	0	
527	0	0	
528	0	0	
529	0	0	
530	0	0	
531	0	0	
532	0	0	
533	0	0	
534	0	0	
535	0	0	
536	0	0	
537	0	0	
538	0	0	
539	0	0	
540	0	0	
541	0	0	
542	0	0	
543	0	0	
544	0	0	
545	0	0	
546	0	0	
547	0	0	
548	0	0	
549	0	0	
550	0	0	
551	0	0	
552	0	0	
553	0	0	
554	0	0	
555	0	0	
556	0	0	
557	0	0	
558	0	0	
559	0	0	
560	0	0	
561	0	0	
562	0	0	
563	0	0	
564	0	0	
565	0	0	
566	0	0	
567	0	0	
568	0	0	
569	0	0	
570	0	0	
571	0	0	
572	0	0	
573	0	0	
574	0	0	
575	0	0	
576	0	0	
577	0	0	
578	0	0	
579	0	0	
580	0	0	
581	0	0	
582	0	0	
583	0	0	
584	0	0	
585	0	0	
586	0	0	
587	0	0	
588	0	0	
589	0	0	
590	0	0	
591	0	0	
592	0	0	
593	0	0	
594	0	0	
595	0	0	
596	0	0	
597	0	0	
598	0	0	
599	0	0	
600	0	0	
601	0	0	
602	0	0	
603	0	0	
604	0	0	
605	0	0	
606	0	0	
607	0	0	
608	0	0	
609	0	0	
610	0	0	
611	0	0	
612	0	0	
613	0	0	
614	0	0	
615	0	0	
616	0	0	
617	0	0	
618	0	0	
619	0	0	
620	0	0	
621	0	0	
622	0	0	
623	0	0	
624	0	0	
625	0	0	
626	0	0	
627	0	0	
628	0	0	
629	0	0	
630	0	0	
631	0	0	
632	0	0	
633	0	0	
634	0	0	
635	0	0	
636	0	0	
637	0	0	
638	0	0	
639	0	0	
640	0	0	
641	0	0	
642	0	0	
643	0	0	
644	0	0	
645	0	0	
646	0	0	
647	0	0	
648	0	0	
649	0	0	
650	0	0	
651	0	0	
652	0	0	
653	0	0	
654	0	0	
655	0	0	
656	0	0	
657	0	0	
658	0	0	
659	0	0	
660	0	0	
661	0	0	
662	0	0	
663	0	0	
664	0	0	
665	0	0	
666	0	0	
667	0	0	
668	0	0	
669	0	0	
670	0	0	
671	0	0	
672	0	0	
673	0	0	
674	0	0	
675	0	0	
676	0	0	
677	0	0	
678	0	0	
679	0	0	
680	0	0	
681	0	0	
682	0	0	
683	0	0	
684	0	0	
685	0	0	
686	0	0	
687	0	0	
688	0	0	
689	0	0	
690	0	0	
691	0	0	
692	0	0	
693	0	0	
694	0	0	
695	0	0	
696	0	0	
697	0	0	
698	0	0	
699	0	0	
700	0	0	
701	0	0	
702	0	0	
703	0	0	
704	0	0	
705	0	0	
706	0	0	
707	0	0	
708	0	0	
709	0	0	
710	0	0	
711	0	0	
712	0	0	
713	0	0	
714	0	0	
715	0	0	
716	0	0	
717	0	0	
718	0	0	
719	0	0	
720	0	0	
721	0	0	
722	0	0	
723	0	0	
724	0	0	
725	0	0	
726	0	0	
727	0	0	
728	0	0	
729	0	0	
730	0	0	
731	0	0	
732	0	0	
733	0	0	
734	0	0	
735	0	0	
736	0	0	
737	0	0	
738	0	0	
739	0	0	
740	0	0	
741	0	0	
742	0	0	
743	0	0	
744	0	0	
745	0	0	
746	0	0	
747	0	0	
748	0	0	
749	0	0	
750	0	0	
751	0	0	
752	0	0	
753	0	0	
754	0	0	
755	0	0	
756	0	0	
757	0	0	
758	0	0	
759	0	0	
760	0	0	
761	0	0	
762	0	0	
763	0	0	
764	0	0	
765	0	0	
766	0	0	
767	0	0	
768	0	0	
769	0	0	
770	0	0	
771	0	0	
772	0	0	
773	0	0	
774	0	0	
775	0	0	
776	0	0	
777	0	0	
778	0	0	
779	0	0	
780	0	0	
781	0	0	
782	0	0	
783	0	0	
784	0	0	
785	0	0	
786	0	0	
787	0	0	
788	0	0	
789	0	0	
790	0	0	
791	0	0	
792	0	0	
793	0	0	
794	0	0	
795	0	0	
796	0	0	
797	0	0	
798	0	0	
799	0	0	
800	0	0	
801	0	0	
802	0	0	
803	0	0	
804	0	0	
805	0	0	
806	0	0	
807	0	0	
808	0	0	
809	0	0	
810	0	0	
811	0	0	
812	0	0	
813	0	0	
814	0	0	
815	0	0	
816	0	0	
817	0	0	
818	0	0	
819	0	0	
820	0	0	
821	0	0	
822	0	0	
823	0	0	
824	0	0	
825	0	0	
826	0	0	
827	0	0	
828	0	0	
829	0	0	
830	0	0	
831	0	0	
832	0	0	
833	0	0	
834	0	0	
835	0	0	
836	0	0	
837	0	0	
838	0	0	
839	0	0	
840	0	0	
841	0	0	
842	0	0	
843	0	0	
844	0	0	
845	0	0	
846	0	0	
847	0	0	
848	0	0	
849	0	0	
850	0	0	
851	0	0	
852	0	0	
853	0	0	
854	0	0	
855	0	0	
856	0	0	
857	0	0	
858	0	0	
859	0	0	
860	0	0	
861	0	0	
862	0	0	
863	0	0	
864	0	0	
865	0	0	
866	0	0	
867	0	0	
868	0	0	
869	0	0	
870	0	0	
871	0	0	
872	0	0	
873	0	0	
874	0	0	
875	0	0	
876	0	0	
877	0	0	
878	0	0	
879	0	0	
880	0	0	
881	0	0	
882	0	0	
883	0	0	
884	0	0	
885	0	0	
886	0	0	
887	0	0	
888	0	0	
889	0	0	
890	0	0	
891	0	0	
892	0	0	
893	0	0	
894	0	0	
895	0	0	
896	0	0	
897	0	0	
898	0	0	
899	0	0	
900	0	0	
901	0	0	
902	0	0	
903	0	0	
904	0	0	
905	0	0	
906	0	0	
907	0	0	
908	0	0	
909	0	0	
910	0	0	
911	0	0	
912	0	0	
913	0	0	
914	0	0	
915	0	0	
916	0	0	
917	0	0	
918	0	0	
919	0	0	
920	0	0	
921	0	0	
922	0	0	
923	0	0	
924	0	0	
925	0	0	
926	0	0	
927	0	0	
928	0	0	
929	0	0	
930	0	0	
931	0	0	
932	0	0	
933	0	0	
934	0	0	
935	0	0	
936	0	0	
937	0	0	
938	0	0	
939	0	0	
940	0	0	
941	0	0	
942	0	0	
943	0	0	
944	0	0	
945	0	0	
946	0	0	
947	0	0	
948	0	0	
949	0	0	
950	0	0	
951	0	0	
952	0	0	
953	0	0	
954	0	0	
955	0	0	
956	0	0	
957	0	0	
958	0	0	
959	0	0	
960	0	0	
961	0	0	
962	0	0	
963	0	0	
964	0	0	
965	0	0	
966	0	0	
967	0	0	
968	0	0	
969	0	0	
970	0	0	
971	0	0	
972	0	0	
973	0	0	
974	0	0	
975	0	0	
976	0	0	
977	0	0	
978	0	0	
979	0	0	
980	0	0	
981	0	0	
982	0	0	
983	0	0	
984	0	0	
985	0	0	
986	0	0	
987	0	0	
988	0	0	
989	0	0	
990	0	0	
991	0	0	
992	0	0	
993	0	0	
994	0	0	
995	0	0	
996	0	0	
997	0	0	
998	0	0	
999	0	0	
1000	0	0	
1001	0	0	
1002	0	0	
1003	0	0	
1004	0	0	
1005	0	0	
1006	0	0	
1007	0	0	
1008	0	0	
1009	0	0	
1010	0	0	
1011	0	0	
1012	0	0	
1013	0	0	
1014	0	0	
1015	0	0	
1016	0	0	
1017	0	0	
1018	0	0	
1019	0	0	
1020	0	0	
1021	0	0	
1022	0	0	
1023	0	0	
1024	0	0	
1025	1023	0	\r\r\r\r\r\r\r\r\r\r\r\r\r\r\r\r\r\r\r\r\r\r\r\r\r\r\r\r\r\r\r\r\r\r\r\r\r\r\r\r\r\r\r\r\r\r\r\r\r\r\r\r\r\r\r\r\r\r\r\r\r\r\r\r\r\r\r\r\r\r\r\r\r\r\r\r\r\r\r\r\r\r\r\r\r\r\r\r\r\r\r\r\r\r\r\r\r\r\r\r\r\r\r\r\r\r\r\r\r\r\r\r\r\r\r\r\r\r\r\r\r\r\r\r\r\r\r\r\r\r\r\r\r\r\r\r\r\r\r\r\r\r\r\r\r\r\r\r\r\r\r\r\r\r\r\r\r\r\r\r\r\r\r\r\r\r\r\r\r\r\r\r\r\r\r\r\r\r\r\r\r\r\r\r\r\r\r\r\r\r\r\r\r\r\r\r\r\r\r\r\r\r\r\r\r\r\r\r\r\r\r\r\r\r\r\r\r\r\r\r\r\r\r\r\r\r\r\r\r\r\r\r\r\r\r\r\r\r\r\r\r\r\r\r\r\r\r\r\r\r\r\r\r\r\r\r\r\r\r\r\r\r\r\r\r\r\r\r\r\r\r\r\r\r\r\r\r\r\r\r\r\r\r\r\r\r\r\r\r\r\r\r\r\r\r\r\r\r\r\r\r\r\r\r\r\r\r\r\r\r\r\r\r\r\r\r\r\r\r\r\r\r\r\r\r\r\r\r\r\r\r\r\r\r\r\r\r\r\r\r\r\r\r\r\r\r\r\r\r\r\r\r\r\r\r\r\r\r\r\r\r\r\r\r\r\r\r\r\r\r\r\r\r\r\r\r\r\r\r\r\r\r\r\r\r\r\r\r\r\r\r\r\r\r\r\r\r\r\r\r\r\r\r\r\r\r\r\r\r\r\r\r\r\r\r\r\r\r\r\r\r\r\r\r\r\r\r\r\r\r\r\r\r\r\r\r\r\r\r\r\r\r\r\r\r\r\r\r\r\r\r\r\r\r\r\r\r\r\r\r\r\r\r\r\r\r\r\r\r\r\r\r\r\r\r\r\r\r\r\r\r\r\r\r\r\r\r\r\r\r\r\r\r\r\r\r\r\r\r\r\r\r\r\r\r\r\r\r\r\r\r\r\r\r\r\r\r\r\r\r\r\r\r\r\r\r\r\r\r\r\r\r\r\r\r\r\r\r\r\r\r\r\r\r\r\r\r\r\r\r\r\r\r\r\r\r\r\r\r\r\r\r\r\r\r\r\r\r\r\r\r\r\r\r\r\r\r\r\r\r\r\r\r\r\r\r\r\r\r\r\r\r\r\r\r\r\r\r\r\r\r\r\r\r\r\r\r\r\r\r\r\r\r\r\r\r\r\r\r\r\r\r\r\r\r\r\r\r\r\r\r\r\r\r\r\r\r\r\r\r\r\r\r\r\r\r\r\r\r\r\r\r\r\r\r\r\r\r\r\r\r\r\r\r\r\r\r\r\r\r\r\r\r\r\r\r\r\r\r\r\r\r\r\r\r\r\r\r\r\r\r\r\r\r\r\r\r\r\r\r\r\r\r\r\r\r\r\r\r\r\r\r\r\r\r\r\r\r\r\r\r\r\r\r\r\r\r\r\r\r\r\r\r\r\r\r\r\r\r\r\r\r\r\r\r\r\r\r\r\r\r\r\r\r\r\r\r\r\r\r\r\r\r\r\r\r\r\r\r\r\r\r\r\r\r\r\r\r\r\r\r\r\r\r\r\r\r\r\r\r\r\r\r\r\r\r\r\r\r\r\r\r\r\r\r\r\r\r\r\r\r\r\r\r\r\r\r\r\r\r\r\r\r\r\r\r\r\r\r\r\r\r\r\r\r\r\r\r\r\r\r\r\r\r\r\r\r\r\r\r\r\r\r\r\r\r\r\r\r\r\r\r\r\r\r\r\r\r\r\r\r\r\r\r\r\r\r\r\r\r\r\r\r\r\r\r\r\r\r\r\r\r\r\r\r\r\r\r\r\r\r\r\r\r\r\r\r\r\r\r\r\r\r\r\r\r\r\r\r\r\r\r\r\r\r\r\r\r\r\r\r\r\r\r\r\r\r\r\r\r\r\r\r\r\r\r\r\r\r\r\r\r\r\r\r\r\r\r\r\r\r\r\r\r\r\r\r\r\r\r\r\r\r\r\r\r\r\r\r\r\r\r\r\r\r\r\r\r\r\r\r\r\r\r\r\r\r\r\r\r\r\r\r\r\r\r\r\r\r\r\r\r\r\r\r\r\r\r\r\r\r\r\r
1026	1024	0	\r\r\r\r\r\r\r\r\r\r\r\r\r\r\r\r\r\r\r\r\r\r\r\r\r\r\r\r\r\r\r\r\r\r\r\r\r\r\r\r\r\r\r\r\r\r\r\r\r\r\r\r\r\r\r\r\r\r\r\r\r\r\r\r\r\r\r\r\r\r\r\r\r\r\r\r\r\r\r\r\r\r\r\r\r\r\r\r\r\r\r\r\r\r\r\r\r\r\r\r\r\r\r\r\r\r\r\r\r\r\r\r\r\r\r\r\r\r\r\r\r\r\r\r\r\r\r\r\r\r\r\r\r\r\r\r\r\r\r\r\r\r\r\r\r\r\r\r\r\r\r\r\r\r\r\r\r\r\r\r\r\r\r\r\r\r\r\r\r\r\r\r\r\r\r\r\r\r\r\r\r\r\r\r\r\r\r\r\r\r\r\r\r\r\r\r\r\r\r\r\r\r\r\r\r\r\r\r\r\r\r\r\r\r\r\r\r\r\r\r\r\r\r\r\r\r\r\r\r\r\r\r\r\r\r\r\r\r\r\r\r\r\r\r\r\r\r\r\r\r\r\r\r\r\r\r\r\r\r\r\r\r\r\r\r\r\r\r\r\r\r\r\r\r\r\r\r\r\r\r\r\r\r\r\r\r\r\r\r\r\r\r\r\r\r\r\r\r\r\r\r\r\r\r\r\r\r\r\r\r\r\r\r\r\r\r\r\r\r\r\r\r\r\r\r\r\r\r\r\r\r\r\r\r\r\r\r\r\r\r\r\r\r\r\r\r\r\r\r\r\r\r\r\r\r\r\r\r\r\r\r\r\r\r\r\r\r\r\r\r\r\r\r\r\r\r\r\r\r\r\r\r\r\r\r\r\r\r\r\r\r\r\r\r\r\r\r\r\r\r\r\r\r\r\r\r\r\r\r\r\r\r\r\r\r\r\r\r\r\r\r\r\r\r\r\r\r\r\r\r\r\r\r\r\r\r\r\r\r\r\r\r\r\r\r\r\r\r\r\r\r\r\r\r\r\r\r\r\r\r\r\r\r\r\r\r\r\r\r\r\r\r\r\r\r\r\r\r\r\r\r\r\r\r\r\r\r\r\r\r\r\r\r\r\r\r\r\r\r\r\r\r\r\r\r\r\r\r\r\r\r\r\r\r\r\r\r\r\r\r\r\r\r\r\r\r\r\r\r\r\r\r\r\r\r\r\r\r\r\r\r\r\r\r\r\r\r\r\r\r\r\r\r\r\r\r\r\r\r\r\r\r\r\r\r\r\r\r\r\r\r\r\r\r\r\r\r\r\r\r\r\r\r\r\r\r\r\r\r\r\r\r\r\r\r\r\r\r\r\r\r\r\r\r\r\r\r\r\r\r\r\r\r\r\r\r\r\r\r\r\r\r\r\r\r\r\r\r\r\r\r\r\r\r\r\r\r\r\r\r\r\r\r\r\r\r\r\r\r\r\r\r\r\r\r\r\r\r\r\r\r\r\r\r\r\r\r\r\r\r\r\r\r\r\r\r\r\r\r\r\r\r\r\r\r\r\r\r\r\r\r\r\r\r\r\r\r\r\r\r\r\r\r\r\r\r\r\r\r\r\r\r\r\r\r\r\r\r\r\r\r\r\r\r\r\r\r\r\r\r\r\r\r\r\r\r\r\r\r\r\r\r\r\r\r\r\r\r\r\r\r\r\r\r\r\r\r\r\r\r\r\r\r\r\r\r\r\r\r\r\r\r\r\r\r\r\r\r\r\r\r\r\r\r\r\r\r\r\r\r\r\r\r\r\r\r\r\r\r\r\r\r\r\r\r\r\r\r\r\r\r\r\r\r\r\r\r\r\r\r\r\r\r\r\r\r\r\r\r\r\r\r\r\r\r\r\r\r\r\r\r\r\r\r\r\r\r\r\r\r\r\r\r\r\r\r\r\r\r\r\r\r\r\r\r\r\r\r\r\r\r\r\r\r\r\r\r\r\r\r\r\r\r\r\r\r\r\r\r\r\r\r\r\r\r\r\r\r\r\r\r\r\r\r\r\r\r\r\r\r\r\r\r\r\r\r\r\r\r\r\r\r\r\r\r\r\r\r\r\r\r\r\r\r\r\r\r\r\r\r\r\r\r\r\r\r\r\r\r\r\r\r\r\r\r\r\r\r\r\r\r\r\r\r\r\r\r\r\r\r\r\r\r\r\r\r\r\r\r\r\r\r\r\r\r\r\r\r\r\r\r\r\r\r\r\r\r\r\r\r\r\r\r\r\r\r\r\r\r\r\r\r\r\r\r\r\r\r\r\r\r\r\r\r
1027	1024	0	\r\r\r\r\r\r\r\r\r\r\r\r\r\r\r\r\r\r\r\r\r\r\r\r\r\r\r\r\r\r\r\r\r\r\r\r\r\r\r\r\r\r\r\r\r\r\r\r\r\r\r\r\r\r\r\r\r\r\r\r\r\r\r\r\r\r\r\r\r\r\r\r\r\r\r\r\r\r\r\r\r\r\r\r\r\r\r\r\r\r\r\r\r\r\r\r\r\r\r\r\r\r\r\r\r\r\r\r\r\r\r\r\r\r\r\r\r\r\r\r\r\r\r\r\r\r\r\r\r\r\r\r\r\r\r\r\r\r\r\r\r\r\r\r\r\r\r\r\r\r\r\r\r\r\r\r\r\r\r\r\r\r\r\r\r\r\r\r\r\r\r\r\r\r\r\r\r\r\r\r\r\r\r\r\r\r\r\r\r\r\r\r\r\r\r\r\r\r\r\r\r\r\r\r\r\r\r\r\r\r\r\r\r\r\r\r\r\r\r\r\r\r\r\r\r\r\r\r\r\r\r\r\r\r\r\r\r\r\r\r\r\r\r\r\r\r\r\r\r\r\r\r\r\r\r\r\r\r\r\r\r\r\r\r\r\r\r\r\r\r\r\r\r\r\r\r\r\r\r\r\r\r\r\r\r\r\r\r\r\r\r\r\r\r\r\r\r\r\r\r\r\r\r\r\r\r\r\r\r\r\r\r\r\r\r\r\r\r\r\r\r\r\r\r\r\r\r\r\r\r\r\r\r\r\r\r\r\r\r\r\r\r\r\r\r\r\r\r\r\r\r\r\r\r\r\r\r\r\r\r\r\r\r\r\r\r\r\r\r\r\r\r\r\r\r\r\r\r\r\r\r\r\r\r\r\r\r\r\r\r\r\r\r\r\r\r\r\r\r\r\r\r\r\r\r\r\r\r\r\r\r\r\r\r\r\r\r\r\r\r\r\r\r\r\r\r\r\r\r\r\r\r\r\r\r\r\r\r\r\r\r\r\r\r\r\r\r\r\r\r\r\r\r\r\r\r\r\r\r\r\r\r\r\r\r\r\r\r\r\r\r\r\r\r\r\r\r\r\r\r\r\r\r\r\r\r\r\r\r\r\r\r\r\r\r\r\r\r\r\r\r\r\r\r\r\r\r\r\r\r\r\r\r\r\r\r\r\r\r\r\r\r\r\r\r\r\r\r\r\r\r\r\r\r\r\r\r\r\r\r\r\r\r\r\r\r\r\r\r\r\r\r\r\r\r\r\r\r\r\r\r\r\r\r\r\r\r\r\r\r\r\r\r\r\r\r\r\r\r\r\r\r\r\r\r\r\r\r\r\r\r\r\r\r\r\r\r\r\r\r\r\r\r\r\r\r\r\r\r\r\r\r\r\r\r\r\r\r\r\r\r\r\r\r\r\r\r\r\r\r\r\r\r\r\r\r\r\r\r\r\r\r\r\r\r\r\r\r\r\r\r\r\r\r\r\r\r\r\r\r\r\r\r\r\r\r\r\r\r\r\r\r\r\r\r\r\r\r\r\r\r\r\r\r\r\r\r\r\r\r\r\r\r\r\r\r\r\r\r\r\r\r\r\r\r\r\r\r\r\r\r\r\r\r\r\r\r\r\r\r\r\r\r\r\r\r\r\r\r\r\r\r\r\r\r\r\r\r\r\r\r\r\r\r\r\r\r\r\r\r\r\r\r\r\r\r\r\r\r\r\r\r\r\r\r\r\r\r\r\r\r\r\r\r\r\r\r\r\r\r\r\r\r\r\r\r\r\r\r\r\r\r\r\r\r\r\r\r\r\r\r\r\r\r\r\r\r\r\r\r\r\r\r\r\r\r\r\r\r\r\r\r\r\r\r\r\r\r\r\r\r\r\r\r\r\r\r\r\r\r\r\r\r\r\r\r\r\r\r\r\r\r\r\r\r\r\r\r\r\r\r\r\r\r\r\r\r\r\r\r\r\r\r\r\r\r\r\r\r\r\r\r\r\r\r\r\r\r\r\r\r\r\r\r\r\r\r\r\r\r\r\r\r\r\r\r\r\r\r\r\r\r\r\r\r\r\r\r\r\r\r\r\r\r\r\r\r\r\r\r\r\r\r\r\r\r\r\r\r\r\r\r\r\r\r\r\r\r\r\r\r\r\r\r\r\r\r\r\r\r\r\r\r\r\r\r\r\r\r\r\r\r\r\r\r\r\r\r\r\r\r\r\r\r\r\r\r\r\r\r\r\r\r\r\r\r\r\r\r\r\r\r\r\r\r\r\r\r\r\r\r\r\r\r\r\r\r\r\r\r\r\r\r\r
1028	1024	0	\r\r\r\r\r\r\r\r\r\r\r\r\r\r\r\r\r\r\r\r\r\r\r\r\r\r\r\r\r\r\r\r\r\r\r\r\r\r\r\r\r\r\r\r\r\r\r\r\r\r\r\r\r\r\r\r\r\r\r\r\r\r\r\r\r\r\r\r\r\r\r\r\r\r\r\r\r\r\r\r\r\r\r\r\r\r\r\r\r\r\r\r\r\r\r\r\r\r\r\r\r\r\r\r\r\r\r\r\r\r\r\r\r\r\r\r\r\r\r\r\r\r\r\r\r\r\r\r\r\r\r\r\r\r\r\r\r\r\r\r\r\r\r\r\r\r\r\r\r\r\r\r\r\r\r\r\r\r\r\r\r\r\r\r\r\r\r\r\r\r\r\r\r\r\r\r\r\r\r\r\r\r\r\r\r\r\r\r\r\r\r\r\r\r\r\r\r\r\r\r\r\r\r\r\r\r\r\r\r\r\r\r\r\r\r\r\r\r\r\r\r\r\r\r\r\r\r\r\r\r\r\r\r\r\r\r\r\r\r\r\r\r\r\r\r\r\r\r\r\r\r\r\r\r\r\r\r\r\r\r\r\r\r\r\r\r\r\r\r\r\r\r\r\r\r\r\r\r\r\r\r\r\r\r\r\r\r\r\r\r\r\r\r\r\r\r\r\r\r\r\r\r\r\r\r\r\r\r\r\r\r\r\r\r\r\r\r\r\r\r\r\r\r\r\r\r\r\r\r\r\r\r\r\r\r\r\r\r\r\r\r\r\r\r\r\r\r\r\r\r\r\r\r\r\r\r\r\r\r\r\r\r\r\r\r\r\r\r\r\r\r\r\r\r\r\r\r\r\r\r\r\r\r\r\r\r\r\r\r\r\r\r\r\r\r\r\r\r\r\r\r\r\r\r\r\r\r\r\r\r\r\r\r\r\r\r\r\r\r\r\r\r\r\r\r\r\r\r\r\r\r\r\r\r\r\r\r\r\r\r\r\r\r\r\r\r\r\r\r\r\r\r\r\r\r\r\r\r\r\r\r\r\r\r\r\r\r\r\r\r\r\r\r\r\r\r\r\r\r\r\r\r\r\r\r\r\r\r\r\r\r\r\r\r\r\r\r\r\r\r\r\r\r\r\r\r\r\r\r\r\r\r\r\r\r\r\r\r\r\r\r\r\r\r\r\r\r\r\r\r\r\r\r\r\r\r\r\r\r\r\r\r\r\r\r\r\r\r\r\r\r\r\r\r\r\r\r\r\r\r\r\r\r\r\r\r\r\r\r\r\r\r\r\r\r\r\r\r\r\r\r\r\r\r\r\r\r\r\r\r\r\r\r\r\r\r\r\r\r\r\r\r\r\r\r\r\r\r\r\r\r\r\r\r\r\r\r\r\r\r\r\r\r\r\r\r\r\r\r\r\r\r\r\r\r\r\r\r\r\r\r\r\r\r\r\r\r\r\r\r\r\r\r\r\r\r\r\r\r\r\r\r\r\r\r\r\r\r\r\r\r\r\r\r\r\r\r\r\r\r\r\r\r\r\r\r\r\r\r\r\r\r\r\r\r\r\r\r\r\r\r\r\r\r\r\r\r\r\r\r\r\r\r\r\r\r\r\r\r\r\r\r\r\r\r\r\r\r\r\r\r\r\r\r\r\r\r\r\r\r\r\r\r\r\r\r\r\r\r\r\r\r\r\r\r\r\r\r\r\r\r\r\r\r\r\r\r\r\r\r\r\r\r\r\r\r\r\r\r\r\r\r\r\r\r\r\r\r\r\r\r\r\r\r\r\r\r\r\r\r\r\r\r\r\r\r\r\r\r\r\r\r\r\r\r\r\r\r\r\r\r\r\r\r\r\r\r\r\r\r\r\r\r\r\r\r\r\r\r\r\r\r\r\r\r\r\r\r\r\r\r\r\r\r\r\r\r\r\r\r\r\r\r\r\r\r\r\r\r\r\r\r\r\r\r\r\r\r\r\r\r\r\r\r\r\r\r\r\r\r\r\r\r\r\r\r\r\r\r\r\r\r\r\r\r\r\r\r\r\r\r\r\r\r\r\r\r\r\r\r\r\r\r\r\r\r\r\r\r\r\r\r\r\r\r\r\r\r\r\r\r\r\r\r\r\r\r\r\r\r\r\r\r\r\r\r\r\r\r\r\r\r\r\r\r\r\r\r\r\r\r\r\r\r\r\r\r\r\r\r\r\r\r\r\r\r\r\r\r\r\r\r\r\r\r\r\r\r\r\r\r\r\r\r\r\r\r\r\r\r\r\r\r\r\r\r\r\r\r\r\r\r\r\r
1029	1023	0	\r\r\r\r\r\r\r\r\r\r\r\r\r\r\r\r\r\r\r\r\r\r\r\r\r\r\r\r\r\r\r\r\r\r\r\r\r\r\r\r\r\r\r\r\r\r\r\r\r\r\r\r\r\r\r\r\r\r\r\r\r\r\r\r\r\r\r\r\r\r\r\r\r\r\r\r\r\r\r\r\r\r\r\r\r\r\r\r\r\r\r\r\r\r\r\r\r\r\r\r\r\r\r\r\r\r\r\r\r\r\r\r\r\r\r\r\r\r\r\r\r\r\r\r\r\r\r\r\r\r\r\r\r\r\r\r\r\r\r\r\r\r\r\r\r\r\r\r\r\r\r\r\r\r\r\r\r\r\r\r\r\r\r\r\r\r\r\r\r\r\r\r\r\r\r\r\r\r\r\r\r\r\r\r\r\r\r\r\r\r\r\r\r\r\r\r\r\r\r\r\r\r\r\r\r\r\r\r\r\r\r\r\r\r\r\r\r\r\r\r\r\r\r\r\r\r\r\r\r\r\r\r\r\r\r\r\r\r\r\r\r\r\r\r\r\r\r\r\r\r\r\r\r\r\r\r\r\r\r\r\r\r\r\r\r\r\r\r\r\r\r\r\r\r\r\r\r\r\r\r\r\r\r\r\r\r\r\r\r\r\r\r\r\r\r\r\r\r\r\r\r\r\r\r\r\r\r\r\r\r\r\r\r\r\r\r\r\r\r\r\r\r\r\r\r\r\r\r\r\r\r\r\r\r\r\r\r\r\r\r\r\r\r\r\r\r\r\r\r\r\r\r\r\r\r\r\r\r\r\r\r\r\r\r\r\r\r\r\r\r\r\r\r\r\r\r\r\r\r\r\r\r\r\r\r\r\r\r\r\r\r\r\r\r\r\r\r\r\r\r\r\r\r\r\r\r\r\r\r\r\r\r\r\r\r\r\r\r\r\r\r\r\r\r\r\r\r\r\r\r\r\r\r\r\r\r\r\r\r\r\r\r\r\r\r\r\r\r\r\r\r\r\r\r\r\r\r\r\r\r\r\r\r\r\r\r\r\r\r\r\r\r\r\r\r\r\r\r\r\r\r\r\r\r\r\r\r\r\r\r\r\r\r\r\r\r\r\r\r\r\r\r\r\r\r\r\r\r\r\r\r\r\r\r\r\r\r\r\r\r\r\r\r\r\r\r\r\r\r\r\r\r\r\r\r\r\r\r\r\r\r\r\r\r\r\r\r\r\r\r\r\r\r\r\r\r\r\r\r\r\r\r\r\r\r\r\r\r\r\r\r\r\r\r\r\r\r\r\r\r\r\r\r\r\r\r\r\r\r\r\r\r\r\r\r\r\r\r\r\r\r\r\r\r\r\r\r\r\r\r\r\r\r\r\r\r\r\r\r\r\r\r\r\r\r\r\r\r\r\r\r\r\r\r\r\r\r\r\r\r\r\r\r\r\r\r\r\r\r\r\r\r\r\r\r\r\r\r\r\r\r\r\r\r\r\r\r\r\r\r\r\r\r\r\r\r\r\r\r\r\r\r\r\r\r\r\r\r\r\r\r\r\r\r\r\r\r\r\r\r\r\r\r\r\r\r\r\r\r\r\r\r\r\r\r\r\r\r\r\r\r\r\r\r\r\r\r\r\r\r\r\r\r\r\r\r\r\r\r\r\r\r\r\r\r\r\r\r\r\r\r\r\r\r\r\r\r\r\r\r\r\r\r\r\r\r\r\r\r\r\r\r\r\r\r\r\r\r\r\r\r\r\r\r\r\r\r\r\r\r\r\r\r\r\r\r\r\r\r\r\r\r\r\r\r\r\r\r\r\r\r\r\r\r\r\r\r\r\r\r\r\r\r\r\r\r\r\r\r\r\r\r\r\r\r\r\r\r\r\r\r\r\r\r\r\r\r\r\r\r\r\r\r\r\r\r\r\r\r\r\r\r\r\r\r\r\r\r\r\r\r\r\r\r\r\r\r\r\r\r\r\r\r\r\r\r\r\r\r\r\r\r\r\r\r\r\r\r\r\r\r\r\r\r\r\r\r\r\r\r\r\r\r\r\r\r\r\r\r\r\r\r\r\r\r\r\r\r\r\r\r\r\r\r\r\r\r\r\r\r\r\r\r\r\r\r\r\r\r\r\r\r\r\r\r\r\r\r\r\r\r\r\r\r\r\r\r\r\r\r\r\r\r\r\r\r\r\r\r\r\r\r\r\r\r\r\r\r\r\r\r\r\r\r\r\r\r\r\r\r\r\r\r\r\r\r\r\r\r\r\r\r\r\r\r\r\r\r\r\r\r\r\r
