index,serial,x,y,unit_id,unit_name,owner_id,owner_name,hitpoints_percent,shields_percent,energy_percent,resources,hangar_count,state_flags,valid_state_flags,valid_property_flags,relation_class,related_serial,unused
1,63641944,592,288,109,Terran Supply Depot,11,Player 12,100,100,100,0,0,16,24,3,0,0,0
2,63642032,592,320,109,Terran Supply Depot,11,Player 12,100,100,100,0,0,16,24,3,0,0,0
3,63642120,1168,288,109,Terran Supply Depot,11,Player 12,100,100,100,0,0,16,24,3,0,0,0
4,63642208,1168,320,109,Terran Supply Depot,11,Player 12,100,100,100,0,0,16,24,3,0,0,0
5,63642296,1744,288,109,Terran Supply Depot,11,Player 12,100,100,100,0,0,16,24,3,0,0,0
6,63642384,1744,320,109,Terran Supply Depot,11,Player 12,100,100,100,0,0,16,24,3,0,0,0
7,63642472,2320,288,109,Terran Supply Depot,11,Player 12,100,100,100,0,0,16,24,3,0,0,0
8,63642560,2320,320,109,Terran Supply Depot,11,Player 12,100,100,100,0,0,16,24,3,0,0,0
9,63642648,2896,288,109,Terran Supply Depot,11,Player 12,100,100,100,0,0,16,24,3,0,0,0
10,63642736,2896,320,109,Terran Supply Depot,11,Player 12,100,100,100,0,0,16,24,3,0,0,0
11,63642824,3472,288,109,Terran Supply Depot,11,Player 12,100,100,100,0,0,16,24,3,0,0,0
12,63642912,3472,320,109,Terran Supply Depot,11,Player 12,100,100,100,0,0,16,24,3,0,0,0
13,63643000,4048,288,109,Terran Supply Depot,11,Player 12,100,100,100,0,0,16,24,3,0,0,0
14,63643088,4048,320,109,Terran Supply Depot,11,Player 12,100,100,100,0,0,16,24,3,0,0,0
15,63643176,4624,288,109,Terran Supply Depot,11,Player 12,100,100,100,0,0,16,24,3,0,0,0
16,63643264,4624,320,109,Terran Supply Depot,11,Player 12,100,100,100,0,0,16,24,3,0,0,0
17,63643352,5200,288,109,Terran Supply Depot,11,Player 12,100,100,100,0,0,16,24,3,0,0,0
18,63643440,5200,320,109,Terran Supply Depot,11,Player 12,100,100,100,0,0,16,24,3,0,0,0
19,63643528,304,1152,109,Terran Supply Depot,11,Player 12,100,100,100,0,0,16,24,3,0,0,0
20,63643616,304,1184,109,Terran Supply Depot,11,Player 12,100,100,100,0,0,16,24,3,0,0,0
21,63643704,592,864,109,Terran Supply Depot,11,Player 12,100,100,100,0,0,16,24,3,0,0,0
22,63643792,592,896,109,Terran Supply Depot,11,Player 12,100,100,100,0,0,16,24,3,0,0,0
23,63643880,304,2304,109,Terran Supply Depot,11,Player 12,100,100,100,0,0,16,24,2,0,0,0
24,63643968,304,2336,109,Terran Supply Depot,11,Player 12,100,100,100,0,0,16,24,2,0,0,0
25,63644056,592,1440,109,Terran Supply Depot,11,Player 12,100,100,100,0,0,16,24,2,0,0,0
26,63644144,592,1472,109,Terran Supply Depot,11,Player 12,100,100,100,0,0,16,24,2,0,0,0
27,63644232,592,2016,109,Terran Supply Depot,11,Player 12,100,100,100,0,0,16,24,2,0,0,0
28,63644320,592,2048,109,Terran Supply Depot,11,Player 12,100,100,100,0,0,16,24,2,0,0,0
29,63644408,592,2592,109,Terran Supply Depot,11,Player 12,100,100,100,0,0,16,24,2,0,0,0
30,63644496,592,2624,109,Terran Supply Depot,11,Player 12,100,100,100,0,0,16,24,2,0,0,0
31,63644584,1168,2592,109,Terran Supply Depot,11,Player 12,100,100,100,0,0,16,24,2,0,0,0
32,63644672,1168,2624,109,Terran Supply Depot,11,Player 12,100,100,100,0,0,16,24,2,0,0,0
33,63644760,1744,2592,109,Terran Supply Depot,11,Player 12,100,100,100,0,0,16,24,2,0,0,0
34,63098256,1744,2624,109,Terran Supply Depot,11,Player 12,100,100,100,0,0,16,24,2,0,0,0
35,63098344,2320,2592,109,Terran Supply Depot,11,Player 12,100,100,100,0,0,16,24,2,0,0,0
36,63098432,2320,2624,109,Terran Supply Depot,11,Player 12,100,100,100,0,0,16,24,2,0,0,0
37,63098520,2896,2592,109,Terran Supply Depot,11,Player 12,100,100,100,0,0,16,24,2,0,0,0
38,63098608,2896,2624,109,Terran Supply Depot,11,Player 12,100,100,100,0,0,16,24,2,0,0,0
39,63098696,3472,2592,109,Terran Supply Depot,11,Player 12,100,100,100,0,0,16,24,2,0,0,0
40,63098784,3472,2624,109,Terran Supply Depot,11,Player 12,100,100,100,0,0,16,24,2,0,0,0
41,63098872,4048,2592,109,Terran Supply Depot,11,Player 12,100,100,100,0,0,16,24,2,0,0,0
42,63098960,4048,2624,109,Terran Supply Depot,11,Player 12,100,100,100,0,0,16,24,2,0,0,0
43,63099048,4624,2592,109,Terran Supply Depot,11,Player 12,100,100,100,0,0,16,24,2,0,0,0
44,63099136,4624,2624,109,Terran Supply Depot,11,Player 12,100,100,100,0,0,16,24,2,0,0,0
45,63099224,5200,2592,109,Terran Supply Depot,11,Player 12,100,100,100,0,0,16,24,2,0,0,0
46,63099312,5200,2624,109,Terran Supply Depot,11,Player 12,100,100,100,0,0,16,24,2,0,0,0
47,63099400,5200,2016,109,Terran Supply Depot,11,Player 12,100,100,100,0,0,16,24,2,0,0,0
48,63099488,5200,2048,109,Terran Supply Depot,11,Player 12,100,100,100,0,0,16,24,2,0,0,0
49,63099576,4624,2016,109,Terran Supply Depot,11,Player 12,100,100,100,0,0,16,24,2,0,0,0
50,63099664,4624,2048,109,Terran Supply Depot,11,Player 12,100,100,100,0,0,16,24,2,0,0,0
51,63099752,5488,1728,109,Terran Supply Depot,11,Player 12,100,100,100,0,0,16,24,2,0,0,0
52,63099840,5488,1760,109,Terran Supply Depot,11,Player 12,100,100,100,0,0,16,24,2,0,0,0
53,63099928,4048,2016,109,Terran Supply Depot,11,Player 12,100,100,100,0,0,16,24,2,0,0,0
54,63100016,4048,2048,109,Terran Supply Depot,11,Player 12,100,100,100,0,0,16,24,2,0,0,0
55,63100104,3472,2016,109,Terran Supply Depot,11,Player 12,100,100,100,0,0,16,24,2,0,0,0
56,63100192,3472,2048,109,Terran Supply Depot,11,Player 12,100,100,100,0,0,16,24,2,0,0,0
57,63100280,2896,2016,109,Terran Supply Depot,11,Player 12,100,100,100,0,0,16,24,2,0,0,0
58,63100368,2896,2048,109,Terran Supply Depot,11,Player 12,100,100,100,0,0,16,24,2,0,0,0
59,63100456,2320,2016,109,Terran Supply Depot,11,Player 12,100,100,100,0,0,16,24,2,0,0,0
60,63100544,2320,2048,109,Terran Supply Depot,11,Player 12,100,100,100,0,0,16,24,2,0,0,0
61,63100632,4624,1440,109,Terran Supply Depot,11,Player 12,100,100,100,0,0,16,24,2,0,0,0
62,63100720,4624,1472,109,Terran Supply Depot,11,Player 12,100,100,100,0,0,16,24,2,0,0,0
63,63100808,4048,1440,109,Terran Supply Depot,11,Player 12,100,100,100,0,0,16,24,2,0,0,0
64,63100896,4048,1472,109,Terran Supply Depot,11,Player 12,100,100,100,0,0,16,24,2,0,0,0
65,63100984,5200,1440,109,Terran Supply Depot,11,Player 12,100,100,100,0,0,16,24,2,0,0,0
66,63101072,5200,1472,109,Terran Supply Depot,11,Player 12,100,100,100,0,0,16,24,2,0,0,0
67,63101160,3472,1440,109,Terran Supply Depot,11,Player 12,100,100,100,0,0,16,24,2,0,0,0
68,63101248,3472,1472,109,Terran Supply Depot,11,Player 12,100,100,100,0,0,16,24,2,0,0,0
69,63101336,2896,1440,109,Terran Supply Depot,11,Player 12,100,100,100,0,0,16,24,2,0,0,0
70,63101424,2896,1472,109,Terran Supply Depot,11,Player 12,100,100,100,0,0,16,24,2,0,0,0
71,63101512,2320,1440,109,Terran Supply Depot,11,Player 12,100,100,100,0,0,16,24,2,0,0,0
72,63101600,2320,1472,109,Terran Supply Depot,11,Player 12,100,100,100,0,0,16,24,2,0,0,0
73,63101688,1744,2016,109,Terran Supply Depot,11,Player 12,100,100,100,0,0,16,24,2,0,0,0
74,63101776,1744,2048,109,Terran Supply Depot,11,Player 12,100,100,100,0,0,16,24,2,0,0,0
75,63101864,1744,1440,109,Terran Supply Depot,11,Player 12,100,100,100,0,0,16,24,2,0,0,0
76,63101952,1744,1472,109,Terran Supply Depot,11,Player 12,100,100,100,0,0,16,24,2,0,0,0
77,63102040,1168,2016,109,Terran Supply Depot,11,Player 12,100,100,100,0,0,16,24,2,0,0,0
78,63102128,1168,2048,109,Terran Supply Depot,11,Player 12,100,100,100,0,0,16,24,2,0,0,0
79,63102216,1168,1440,109,Terran Supply Depot,11,Player 12,100,100,100,0,0,16,24,2,0,0,0
80,63102352,1168,1472,109,Terran Supply Depot,11,Player 12,100,100,100,0,0,16,24,2,0,0,0
81,63102440,1168,864,109,Terran Supply Depot,11,Player 12,100,100,100,0,0,0,24,2,0,0,0
82,63102528,1168,896,109,Terran Supply Depot,11,Player 12,100,100,100,0,0,0,24,2,0,0,0
83,63102616,1744,864,109,Terran Supply Depot,11,Player 12,100,100,100,0,0,16,24,2,0,0,0
84,63102704,1744,896,109,Terran Supply Depot,11,Player 12,100,100,100,0,0,16,24,2,0,0,0
85,63102792,2320,864,109,Terran Supply Depot,11,Player 12,100,100,100,0,0,16,24,2,0,0,0
86,63102880,2320,896,109,Terran Supply Depot,11,Player 12,100,100,100,0,0,16,24,2,0,0,0
87,63102968,2896,864,109,Terran Supply Depot,11,Player 12,100,100,100,0,0,16,24,2,0,0,0
88,63103056,2896,896,109,Terran Supply Depot,11,Player 12,100,100,100,0,0,16,24,2,0,0,0
89,63103144,3472,864,109,Terran Supply Depot,11,Player 12,100,100,100,0,0,16,24,2,0,0,0
90,63103232,3472,896,109,Terran Supply Depot,11,Player 12,100,100,100,0,0,16,24,2,0,0,0
91,63103320,4048,864,109,Terran Supply Depot,11,Player 12,100,100,100,0,0,16,24,2,0,0,0
92,63103408,4048,896,109,Terran Supply Depot,11,Player 12,100,100,100,0,0,16,24,2,0,0,0
93,63103496,4624,864,109,Terran Supply Depot,11,Player 12,100,100,100,0,0,16,24,2,0,0,0
94,63103584,4624,896,109,Terran Supply Depot,11,Player 12,100,100,100,0,0,16,24,2,0,0,0
95,63103672,5200,864,109,Terran Supply Depot,11,Player 12,100,100,100,0,0,16,24,2,0,0,0
96,63103760,5200,896,109,Terran Supply Depot,11,Player 12,100,100,100,0,0,16,24,2,0,0,0
97,63103848,5488,576,109,Terran Supply Depot,11,Player 12,100,100,100,0,0,16,24,2,0,0,0
98,63103936,5488,608,109,Terran Supply Depot,11,Player 12,100,100,100,0,0,16,24,2,0,0,0
99,63104024,96,96,37,Zerg Zergling,11,Player 12,100,100,100,0,0,16,26,2,0,0,0
100,63104112,160,96,37,Zerg Zergling,11,Player 12,100,100,100,0,0,16,26,2,0,0,0
101,63104200,224,96,37,Zerg Zergling,11,Player 12,100,100,100,0,0,16,26,2,0,0,0
102,63104288,288,96,37,Zerg Zergling,11,Player 12,100,100,100,0,0,16,26,2,0,0,0
103,63104376,496,512,123,Terran Armory,11,Player 12,100,100,100,0,0,16,24,2,0,0,0
104,63104464,3088,3520,15,Terran Civilian,11,Player 12,100,100,100,0,0,16,24,3,0,0,0
105,63104552,3088,3552,15,Terran Civilian,11,Player 12,100,100,100,0,0,16,24,3,0,0,0
106,63104640,3088,3488,15,Terran Civilian,11,Player 12,100,100,100,0,0,16,24,3,0,0,0
107,63104728,3088,3584,15,Terran Civilian,11,Player 12,100,100,100,0,0,16,24,3,0,0,0
108,63104816,1056,496,122,Terran Engineering Bay,11,Player 12,100,100,100,0,0,16,28,3,0,0,0
109,63104904,1648,512,112,Terran Academy,11,Player 12,100,100,100,0,0,0,24,2,0,0,0
110,63104992,5952,5904,214,Start Location,0,Player 1,100,100,100,0,0,0,24,2,0,0,0
111,63105080,6080,5904,214,Start Location,1,Player 2,100,100,100,0,0,0,24,2,0,0,0
112,63105168,5952,6000,214,Start Location,2,Player 3,100,100,100,0,0,0,24,2,0,0,0
113,63105256,6080,6000,214,Start Location,3,Player 4,100,100,100,0,0,0,24,2,0,0,0
114,63105344,5952,5808,214,Start Location,6,Player 7,100,100,100,0,0,0,24,3,0,0,0
115,63105432,6080,5808,214,Start Location,4,Player 5,100,100,100,0,0,0,24,3,0,0,0
116,63105520,6080,5712,214,Start Location,5,Player 6,100,100,100,0,0,0,24,3,0,0,0
117,63105608,2224,512,140,Zerg Ultralisk Cavern,11,Player 12,100,100,100,0,0,16,24,2,0,0,0
118,63105696,2608,296,61,Protoss Dark Templar,11,Player 12,100,100,100,0,0,0,24,6,0,0,0
119,63105784,2640,264,61,Protoss Dark Templar,11,Player 12,100,100,100,0,0,16,24,6,0,0,0
120,63105872,2672,232,61,Protoss Dark Templar,11,Player 12,100,100,100,0,0,16,24,6,0,0,0
121,63105960,2576,264,61,Protoss Dark Templar,11,Player 12,100,100,100,0,0,16,24,6,0,0,0
122,63106048,2544,232,61,Protoss Dark Templar,11,Player 12,100,100,100,0,0,16,24,6,0,0,0
123,63106136,2576,328,61,Protoss Dark Templar,11,Player 12,100,100,100,0,0,16,24,6,0,0,0
124,63106224,2544,360,61,Protoss Dark Templar,11,Player 12,100,100,100,0,0,16,24,6,0,0,0
125,63106312,2640,328,61,Protoss Dark Templar,11,Player 12,100,100,100,0,0,16,24,6,0,0,0
126,63106448,2672,360,61,Protoss Dark Templar,11,Player 12,100,100,100,0,0,16,24,6,0,0,0
127,63106536,2816,512,162,Protoss Photon Cannon,11,Player 12,100,100,100,0,0,16,24,6,0,0,0
128,63106624,3376,512,170,Protoss Arbiter Tribunal,11,Player 12,100,100,100,0,0,16,24,6,0,0,0
129,63106712,3192,264,54,Devouring One,4,Player 5,100,100,100,0,0,0,26,2,0,0,0
130,63106800,3192,320,54,Devouring One,5,Player 6,100,100,100,0,0,0,26,2,0,0,0
131,63106888,3952,512,159,Protoss Observatory,11,Player 12,100,100,100,0,0,16,24,7,0,0,0
132,63106976,2464,128,84,Protoss Observer,4,Player 5,100,100,100,0,0,16,24,6,0,0,0
133,63107064,4544,512,134,Zerg Nydus Canal,11,Player 12,100,100,100,0,0,16,24,3,0,0,0
134,63107152,4544,96,137,Zerg Greater Spire,11,Player 12,100,100,100,0,0,16,24,2,0,0,0
135,63107240,2752,3952,167,Protoss Stargate,11,Player 12,100,100,100,0,0,16,24,6,0,0,0
136,63107328,2784,3936,156,Protoss Pylon,11,Player 12,100,100,100,0,0,16,24,6,0,0,0
137,63107416,2768,3936,169,Protoss Fleet Beacon,11,Player 12,100,100,100,0,0,16,24,6,0,0,0
138,63107504,2768,3936,170,Protoss Arbiter Tribunal,11,Player 12,100,100,100,0,0,16,24,6,0,0,0
139,63107592,2976,3952,167,Protoss Stargate,11,Player 12,100,100,100,0,0,16,24,6,0,0,0
140,63107680,3008,3936,156,Protoss Pylon,11,Player 12,100,100,100,0,0,16,24,6,0,0,0
141,63107768,2992,3936,169,Protoss Fleet Beacon,11,Player 12,100,100,100,0,0,16,24,6,0,0,0
142,63107856,2992,3936,170,Protoss Arbiter Tribunal,11,Player 12,100,100,100,0,0,16,24,6,0,0,0
143,63107944,3200,3952,167,Protoss Stargate,11,Player 12,100,100,100,0,0,16,24,6,0,0,0
144,63108032,3232,3936,156,Protoss Pylon,11,Player 12,100,100,100,0,0,16,24,6,0,0,0
145,63108120,3216,3936,169,Protoss Fleet Beacon,11,Player 12,100,100,100,0,0,16,24,6,0,0,0
146,63108208,3216,3936,170,Protoss Arbiter Tribunal,11,Player 12,100,100,100,0,0,16,24,6,0,0,0
147,63108296,3424,3952,167,Protoss Stargate,11,Player 12,100,100,100,0,0,16,24,6,0,0,0
148,63108384,3456,3936,156,Protoss Pylon,11,Player 12,100,100,100,0,0,16,24,6,0,0,0
149,63108472,3440,3936,169,Protoss Fleet Beacon,11,Player 12,100,100,100,0,0,16,24,6,0,0,0
150,63108560,3440,3936,170,Protoss Arbiter Tribunal,11,Player 12,100,100,100,0,0,16,24,6,0,0,0
151,63108648,5104,512,163,Protoss Citadel of Adun,11,Player 12,100,100,100,0,0,16,24,6,0,0,0
152,63108736,3680,512,75,Zeratul,11,Player 12,100,100,100,0,0,16,24,6,0,0,0
153,63108824,3968,192,75,Zeratul,11,Player 12,100,100,100,0,0,16,24,6,0,0,0
154,63108912,3648,128,75,Zeratul,11,Player 12,100,100,100,0,0,16,24,6,0,0,0
155,63109000,3808,256,75,Zeratul,11,Player 12,100,100,100,0,0,16,24,6,0,0,0
156,63109088,4704,96,32,Terran Firebat,11,Player 12,100,100,100,0,0,16,24,2,0,0,0
157,63109176,4832,96,32,Terran Firebat,11,Player 12,100,100,100,0,0,16,24,2,0,0,0
158,63109264,4896,96,32,Terran Firebat,11,Player 12,100,100,100,0,0,16,24,2,0,0,0
159,63109352,4960,96,32,Terran Firebat,11,Player 12,100,100,100,0,0,16,24,2,0,0,0
160,63109440,5024,96,32,Terran Firebat,11,Player 12,100,100,100,0,0,16,24,2,0,0,0
161,63109528,5024,224,32,Terran Firebat,11,Player 12,100,100,100,0,0,16,24,2,0,0,0
162,63109616,4896,224,32,Terran Firebat,11,Player 12,100,100,100,0,0,16,24,2,0,0,0
163,63109704,4768,224,32,Terran Firebat,11,Player 12,100,100,100,0,0,16,24,2,0,0,0
164,63109792,4704,224,32,Terran Firebat,11,Player 12,100,100,100,0,0,16,24,2,0,0,0
165,63109880,4704,352,32,Terran Firebat,11,Player 12,100,100,100,0,0,16,24,2,0,0,0
166,63109968,4768,352,32,Terran Firebat,11,Player 12,100,100,100,0,0,16,24,2,0,0,0
167,63110056,4832,352,32,Terran Firebat,11,Player 12,100,100,100,0,0,16,24,2,0,0,0
168,63110144,4896,352,32,Terran Firebat,11,Player 12,100,100,100,0,0,16,24,2,0,0,0
169,63110232,4960,352,32,Terran Firebat,11,Player 12,100,100,100,0,0,16,24,2,0,0,0
170,63110320,5024,352,32,Terran Firebat,11,Player 12,100,100,100,0,0,16,24,2,0,0,0
171,63110408,4960,480,32,Terran Firebat,11,Player 12,100,100,100,0,0,16,24,2,0,0,0
172,62799200,4896,480,32,Terran Firebat,11,Player 12,100,100,100,0,0,16,24,2,0,0,0
173,62799288,4832,480,32,Terran Firebat,11,Player 12,100,100,100,0,0,16,24,2,0,0,0
174,62799376,4768,480,32,Terran Firebat,11,Player 12,100,100,100,0,0,16,24,2,0,0,0
175,62799464,4704,480,32,Terran Firebat,11,Player 12,100,100,100,0,0,16,24,2,0,0,0
176,62799552,4768,96,10,Gui Montag,11,Player 12,100,100,100,0,0,16,24,2,0,0,0
177,62799640,4832,224,10,Gui Montag,11,Player 12,100,100,100,0,0,16,24,2,0,0,0
178,62799728,4960,224,10,Gui Montag,11,Player 12,100,100,100,0,0,16,24,2,0,0,0
179,62799816,5024,480,10,Gui Montag,11,Player 12,100,100,100,0,0,16,24,2,0,0,0
180,62799904,5680,512,138,Zerg Queen's Nest,11,Player 12,100,100,100,0,0,16,24,2,0,0,0
181,62799992,5696,448,46,Zerg Defiler,11,Player 12,100,100,100,0,0,16,26,10,0,0,0
182,62800080,5680,1088,125,Terran Bunker,11,Player 12,100,100,100,0,0,0,24,2,0,0,0
183,62800168,4960,736,53,Hunter Killer,11,Player 12,100,100,100,0,0,16,26,2,0,0,0
184,62800256,4768,928,78,Fenix (Dragoon),11,Player 12,100,100,100,0,0,16,24,6,0,0,0
185,62800344,4768,736,51,Infested Kerrigan,11,Player 12,100,100,100,0,0,16,25,10,0,0,0
186,62800432,5024,832,19,Jim Raynor (Vulture),11,Player 12,100,100,100,0,0,16,24,2,0,0,0
187,62800520,4832,1024,25,Edmund Duke (Siege Mode),11,Player 12,100,100,100,0,0,16,24,2,0,0,0
188,62800608,5024,960,23,Edmund Duke (Tank Mode),11,Player 12,100,100,100,0,0,16,24,2,0,0,0
189,62800696,4864,832,77,Fenix (Zealot),11,Player 12,100,100,100,0,0,16,24,6,0,0,0
190,62800784,4896,928,1,Terran Ghost,11,Player 12,100,100,100,0,0,16,25,10,0,0,0
191,62800872,5104,1088,163,Protoss Citadel of Adun,11,Player 12,100,100,100,0,0,16,24,6,0,0,0
192,62800960,4544,1088,134,Zerg Nydus Canal,11,Player 12,100,100,100,0,0,16,24,3,0,0,0
193,62801048,4544,672,137,Zerg Greater Spire,11,Player 12,100,100,100,0,0,16,24,2,0,0,0
194,62801136,3184,1104,68,Protoss Archon,4,Player 5,100,100,100,0,0,16,24,7,0,0,0
195,62801224,3952,1088,164,Protoss Cybernetics Core,11,Player 12,100,100,100,0,0,16,24,6,0,0,0
196,62801312,2528,848,20,Jim Raynor (Marine),4,Player 5,100,100,100,0,0,0,24,3,0,0,0
197,62801400,2528,912,20,Jim Raynor (Marine),4,Player 5,100,100,100,0,0,0,24,3,0,0,0
198,62801488,2592,768,0,Terran Marine,5,Player 6,100,100,100,0,0,0,24,3,0,0,0
199,62801576,2640,816,0,Terran Marine,5,Player 6,100,100,100,0,0,0,24,3,0,0,0
200,62801664,2672,880,0,Terran Marine,5,Player 6,100,100,100,0,0,0,24,3,0,0,0
201,62801752,2640,944,0,Terran Marine,5,Player 6,100,100,100,0,0,0,24,3,0,0,0
202,62801840,2592,992,0,Terran Marine,5,Player 6,100,100,100,0,0,0,24,3,0,0,0
203,62801928,2800,1088,139,Zerg Evolution Chamber,11,Player 12,100,100,100,0,0,16,24,3,0,0,0
204,62802016,2224,1088,142,Zerg Spawning Pool,11,Player 12,100,100,100,0,0,16,24,3,0,0,0
205,62802104,1248,720,62,Zerg Devourer,4,Player 5,100,100,100,0,0,16,24,2,0,0,0
206,62802192,1648,1088,166,Protoss Forge,11,Player 12,100,100,100,0,0,16,24,6,0,0,0
207,62802280,1456,816,99,Samir Duran,11,Player 12,100,100,100,0,0,16,25,10,0,0,0
208,62802368,3952,1664,155,Protoss Robotics Facility,11,Player 12,100,100,100,0,0,16,24,6,0,0,0
209,62802456,160,1600,7,Terran SCV,11,Player 12,100,100,100,0,0,16,24,2,0,0,0
210,62802544,112,1488,66,Protoss Dragoon,11,Player 12,100,100,100,0,0,16,24,6,0,0,0
211,62802632,288,1568,65,Protoss Zealot,11,Player 12,100,100,100,0,0,16,24,6,0,0,0
212,62802720,416,1296,39,Zerg Ultralisk,11,Player 12,100,100,100,0,0,16,24,2,0,0,0
213,62802808,464,1424,83,Protoss Reaver,11,Player 12,100,100,100,0,0,16,24,38,0,0,0
214,62802896,160,1392,2,Terran Vulture,11,Player 12,100,100,100,0,0,16,24,2,0,0,0
215,62802984,496,1664,172,Protoss Shield Battery,11,Player 12,100,100,100,0,0,16,24,14,0,0,0
216,62803072,192,1280,1,Terran Ghost,11,Player 12,100,100,100,0,0,16,25,10,0,0,0
217,62803160,320,1440,32,Terran Firebat,11,Player 12,100,100,100,0,0,16,24,2,0,0,0
218,62803296,416,1536,50,Infested Terran,11,Player 12,100,100,100,0,0,16,26,2,0,0,0
219,62803384,5952,5712,214,Start Location,7,Player 8,100,100,100,0,0,0,24,2,0,0,0
220,62803472,1072,1664,163,Protoss Citadel of Adun,11,Player 12,100,100,100,0,0,16,24,6,0,0,0
221,62803560,672,1248,32,Terran Firebat,11,Player 12,100,100,100,0,0,16,24,2,0,0,0
222,62803648,736,1248,32,Terran Firebat,11,Player 12,100,100,100,0,0,16,24,2,0,0,0
223,62803736,864,1248,32,Terran Firebat,11,Player 12,100,100,100,0,0,16,24,2,0,0,0
224,62803824,928,1248,32,Terran Firebat,11,Player 12,100,100,100,0,0,16,24,2,0,0,0
225,62803912,992,1248,32,Terran Firebat,11,Player 12,100,100,100,0,0,16,24,2,0,0,0
226,62804000,992,1312,32,Terran Firebat,11,Player 12,100,100,100,0,0,16,24,2,0,0,0
227,62804088,864,1312,32,Terran Firebat,11,Player 12,100,100,100,0,0,16,24,2,0,0,0
228,62804176,800,1312,32,Terran Firebat,11,Player 12,100,100,100,0,0,16,24,2,0,0,0
229,62804264,736,1312,32,Terran Firebat,11,Player 12,100,100,100,0,0,16,24,2,0,0,0
230,62804352,672,1312,32,Terran Firebat,11,Player 12,100,100,100,0,0,16,24,2,0,0,0
231,62804440,672,1376,32,Terran Firebat,11,Player 12,100,100,100,0,0,16,24,2,0,0,0
232,62804528,736,1376,32,Terran Firebat,11,Player 12,100,100,100,0,0,16,24,2,0,0,0
233,62804616,800,1376,32,Terran Firebat,11,Player 12,100,100,100,0,0,16,24,2,0,0,0
234,62804704,864,1376,32,Terran Firebat,11,Player 12,100,100,100,0,0,16,24,2,0,0,0
235,62804792,928,1376,32,Terran Firebat,11,Player 12,100,100,100,0,0,16,24,2,0,0,0
236,62804880,992,1376,32,Terran Firebat,11,Player 12,100,100,100,0,0,16,24,2,0,0,0
237,62804968,928,1440,32,Terran Firebat,11,Player 12,100,100,100,0,0,16,24,2,0,0,0
238,62805056,864,1440,32,Terran Firebat,11,Player 12,100,100,100,0,0,16,24,2,0,0,0
239,62805144,800,1440,32,Terran Firebat,11,Player 12,100,100,100,0,0,16,24,2,0,0,0
240,62805232,736,1440,32,Terran Firebat,11,Player 12,100,100,100,0,0,16,24,2,0,0,0
241,62805320,672,1440,32,Terran Firebat,11,Player 12,100,100,100,0,0,16,24,2,0,0,0
242,62805408,672,1504,32,Terran Firebat,11,Player 12,100,100,100,0,0,16,24,2,0,0,0
243,62805496,736,1504,32,Terran Firebat,11,Player 12,100,100,100,0,0,16,24,2,0,0,0
244,62805584,800,1504,32,Terran Firebat,11,Player 12,100,100,100,0,0,16,24,2,0,0,0
245,62805672,864,1504,32,Terran Firebat,11,Player 12,100,100,100,0,0,16,24,2,0,0,0
246,62805760,928,1504,32,Terran Firebat,11,Player 12,100,100,100,0,0,16,24,2,0,0,0
247,62805848,992,1504,32,Terran Firebat,11,Player 12,100,100,100,0,0,16,24,2,0,0,0
248,62805936,928,1568,32,Terran Firebat,11,Player 12,100,100,100,0,0,16,24,2,0,0,0
249,62806024,864,1568,32,Terran Firebat,11,Player 12,100,100,100,0,0,16,24,2,0,0,0
250,62806112,800,1568,32,Terran Firebat,11,Player 12,100,100,100,0,0,16,24,2,0,0,0
251,62806200,736,1568,32,Terran Firebat,11,Player 12,100,100,100,0,0,16,24,2,0,0,0
252,62806288,672,1568,32,Terran Firebat,11,Player 12,100,100,100,0,0,16,24,2,0,0,0
253,62806376,672,1632,32,Terran Firebat,11,Player 12,100,100,100,0,0,16,24,2,0,0,0
254,62806464,736,1632,32,Terran Firebat,11,Player 12,100,100,100,0,0,16,24,2,0,0,0
255,62806552,800,1632,32,Terran Firebat,11,Player 12,100,100,100,0,0,16,24,2,0,0,0
256,62806640,864,1632,32,Terran Firebat,11,Player 12,100,100,100,0,0,16,24,2,0,0,0
257,62806728,928,1632,32,Terran Firebat,11,Player 12,100,100,100,0,0,16,24,2,0,0,0
258,62806816,992,1632,32,Terran Firebat,11,Player 12,100,100,100,0,0,16,24,2,0,0,0
259,62806904,800,1248,32,Terran Firebat,7,Player 8,100,100,100,0,0,16,24,3,0,0,0
260,62806992,928,1312,32,Terran Firebat,7,Player 8,100,100,100,0,0,16,24,3,0,0,0
261,62807080,992,1440,32,Terran Firebat,7,Player 8,100,100,100,0,0,16,24,3,0,0,0
262,62807168,992,1568,32,Terran Firebat,7,Player 8,100,100,100,0,0,16,24,3,0,0,0
263,62807256,1664,1664,134,Zerg Nydus Canal,11,Player 12,100,100,100,0,0,16,24,3,0,0,0
264,62807392,1664,1248,137,Zerg Greater Spire,11,Player 12,100,100,100,0,0,16,24,2,0,0,0
265,62807480,2240,1664,134,Zerg Nydus Canal,11,Player 12,100,100,100,0,0,16,24,3,0,0,0
266,62807568,2240,1248,137,Zerg Greater Spire,11,Player 12,100,100,100,0,0,16,24,2,0,0,0
267,62807656,2608,1456,90,Bengalaas,11,Player 12,100,100,100,0,0,16,24,2,0,0,0
268,62807744,2608,1456,21,Tom Kazansky,4,Player 5,100,100,100,0,0,17,25,11,0,0,0
269,62807832,2608,1488,21,Tom Kazansky,4,Player 5,100,100,100,0,0,17,25,11,0,0,0
270,62807920,2656,1488,21,Tom Kazansky,4,Player 5,100,100,100,0,0,17,25,11,0,0,0
271,62808008,2656,1456,21,Tom Kazansky,4,Player 5,100,100,100,0,0,17,25,11,0,0,0
272,62808096,2656,1424,21,Tom Kazansky,4,Player 5,100,100,100,0,0,17,25,11,0,0,0
273,62808184,2608,1424,21,Tom Kazansky,4,Player 5,100,100,100,0,0,17,25,11,0,0,0
274,62808272,2560,1424,21,Tom Kazansky,4,Player 5,100,100,100,0,0,17,25,11,0,0,0
275,62808360,2560,1456,21,Tom Kazansky,4,Player 5,100,100,100,0,0,17,25,11,0,0,0
276,62808448,2560,1488,21,Tom Kazansky,4,Player 5,100,100,100,0,0,17,25,11,0,0,0
277,62808536,2560,1520,21,Tom Kazansky,4,Player 5,100,100,100,0,0,17,25,11,0,0,0
278,62808624,2608,1520,21,Tom Kazansky,4,Player 5,100,100,100,0,0,17,25,11,0,0,0
279,62808712,2656,1520,21,Tom Kazansky,4,Player 5,100,100,100,0,0,17,25,11,0,0,0
280,62808800,2704,1520,21,Tom Kazansky,4,Player 5,100,100,100,0,0,17,25,11,0,0,0
281,62808888,2704,1488,21,Tom Kazansky,4,Player 5,100,100,100,0,0,17,25,11,0,0,0
282,62808976,2704,1456,21,Tom Kazansky,4,Player 5,100,100,100,0,0,17,25,11,0,0,0
283,62809064,2704,1424,21,Tom Kazansky,4,Player 5,100,100,100,0,0,17,25,11,0,0,0
284,62809152,2704,1392,21,Tom Kazansky,4,Player 5,100,100,100,0,0,17,25,11,0,0,0
285,62809240,2656,1392,21,Tom Kazansky,4,Player 5,100,100,100,0,0,17,25,11,0,0,0
286,62809328,2608,1392,21,Tom Kazansky,4,Player 5,100,100,100,0,0,17,25,11,0,0,0
287,62809416,2560,1392,21,Tom Kazansky,4,Player 5,100,100,100,0,0,17,25,11,0,0,0
288,62809504,2512,1392,21,Tom Kazansky,4,Player 5,100,100,100,0,0,17,25,11,0,0,0
289,62809592,2512,1424,21,Tom Kazansky,4,Player 5,100,100,100,0,0,17,25,11,0,0,0
290,62809680,2512,1456,21,Tom Kazansky,4,Player 5,100,100,100,0,0,17,25,11,0,0,0
291,62809768,2512,1488,21,Tom Kazansky,4,Player 5,100,100,100,0,0,17,25,11,0,0,0
292,62809856,2512,1520,21,Tom Kazansky,4,Player 5,100,100,100,0,0,17,25,11,0,0,0
293,62809944,2512,1552,21,Tom Kazansky,4,Player 5,100,100,100,0,0,17,25,11,0,0,0
294,62810032,2560,1552,21,Tom Kazansky,4,Player 5,100,100,100,0,0,17,25,11,0,0,0
295,62810120,2608,1552,21,Tom Kazansky,4,Player 5,100,100,100,0,0,17,25,11,0,0,0
296,62810208,2656,1552,21,Tom Kazansky,4,Player 5,100,100,100,0,0,17,25,11,0,0,0
297,62810296,2704,1552,21,Tom Kazansky,4,Player 5,100,100,100,0,0,17,25,11,0,0,0
298,62810384,2752,1552,21,Tom Kazansky,4,Player 5,100,100,100,0,0,17,25,11,0,0,0
299,62810472,2752,1520,21,Tom Kazansky,4,Player 5,100,100,100,0,0,17,25,11,0,0,0
300,62810560,2752,1488,21,Tom Kazansky,4,Player 5,100,100,100,0,0,17,25,11,0,0,0
301,62810648,2752,1456,21,Tom Kazansky,4,Player 5,100,100,100,0,0,17,25,11,0,0,0
302,62810736,2752,1424,21,Tom Kazansky,4,Player 5,100,100,100,0,0,17,25,11,0,0,0
303,62810824,2752,1392,21,Tom Kazansky,4,Player 5,100,100,100,0,0,17,25,11,0,0,0
304,62810912,2752,1360,21,Tom Kazansky,4,Player 5,100,100,100,0,0,17,25,11,0,0,0
305,62811000,2704,1360,21,Tom Kazansky,4,Player 5,100,100,100,0,0,17,25,11,0,0,0
306,62811088,2656,1360,21,Tom Kazansky,4,Player 5,100,100,100,0,0,17,25,11,0,0,0
307,62811176,2608,1360,21,Tom Kazansky,4,Player 5,100,100,100,0,0,17,25,11,0,0,0
308,62811264,2560,1360,21,Tom Kazansky,4,Player 5,100,100,100,0,0,17,25,11,0,0,0
309,62811352,2512,1360,21,Tom Kazansky,4,Player 5,100,100,100,0,0,17,25,11,0,0,0
310,62811488,2464,1360,21,Tom Kazansky,4,Player 5,100,100,100,0,0,17,25,11,0,0,0
311,62811576,2464,1392,21,Tom Kazansky,4,Player 5,100,100,100,0,0,17,25,11,0,0,0
312,62811664,2464,1424,21,Tom Kazansky,4,Player 5,100,100,100,0,0,17,25,11,0,0,0
313,62811752,2464,1456,21,Tom Kazansky,4,Player 5,100,100,100,0,0,17,25,11,0,0,0
314,62811840,2464,1488,21,Tom Kazansky,4,Player 5,100,100,100,0,0,17,25,11,0,0,0
315,62811928,2464,1520,21,Tom Kazansky,4,Player 5,100,100,100,0,0,17,25,11,0,0,0
316,62812016,2464,1552,21,Tom Kazansky,4,Player 5,100,100,100,0,0,17,25,11,0,0,0
317,62812104,3040,3680,156,Protoss Pylon,0,Player 1,100,100,100,0,0,16,24,7,0,0,0
318,62812192,3040,3680,156,Protoss Pylon,0,Player 1,100,100,100,0,0,16,24,7,0,0,0
319,62812280,3168,3680,156,Protoss Pylon,1,Player 2,100,100,100,0,0,16,24,7,0,0,0
320,62812368,3168,3680,156,Protoss Pylon,1,Player 2,100,100,100,0,0,16,24,7,0,0,0
321,62812456,3040,3776,156,Protoss Pylon,2,Player 3,100,100,100,0,0,16,24,7,0,0,0
322,62812544,3040,3776,156,Protoss Pylon,2,Player 3,100,100,100,0,0,16,24,7,0,0,0
323,62812632,3168,3776,156,Protoss Pylon,3,Player 4,100,100,100,0,0,16,24,7,0,0,0
324,62812720,3168,3776,156,Protoss Pylon,3,Player 4,100,100,100,0,0,16,24,7,0,0,0
325,62812808,5104,1664,126,Norad II (Crashed),11,Player 12,100,100,100,0,0,16,24,3,0,0,0
326,62812896,5680,1664,127,Ion Cannon,11,Player 12,100,100,100,0,0,16,24,2,0,0,0
327,62812984,224,4352,36,Zerg Egg,11,Player 12,100,100,100,0,0,0,24,3,0,0,0
328,62813072,5696,2240,134,Zerg Nydus Canal,11,Player 12,100,100,100,0,0,16,24,3,0,0,0
329,62813160,5696,1824,137,Zerg Greater Spire,11,Player 12,100,100,100,0,0,16,24,2,0,0,0
330,62813248,5120,2240,134,Zerg Nydus Canal,11,Player 12,100,100,100,0,0,16,24,3,0,0,0
331,62813336,5120,1824,137,Zerg Greater Spire,11,Player 12,100,100,100,0,0,16,24,2,0,0,0
332,62813424,4544,2240,134,Zerg Nydus Canal,11,Player 12,100,100,100,0,0,16,24,3,0,0,0
333,62813512,4544,1824,137,Zerg Greater Spire,11,Player 12,100,100,100,0,0,16,24,2,0,0,0
334,62813600,3968,2240,134,Zerg Nydus Canal,11,Player 12,100,100,100,0,0,16,24,3,0,0,0
335,62813688,3968,1824,137,Zerg Greater Spire,11,Player 12,100,100,100,0,0,16,24,2,0,0,0
336,62813776,3392,2240,134,Zerg Nydus Canal,11,Player 12,100,100,100,0,0,16,24,3,0,0,0
337,62813864,3392,1824,137,Zerg Greater Spire,11,Player 12,100,100,100,0,0,16,24,2,0,0,0
338,62813952,2816,2240,134,Zerg Nydus Canal,11,Player 12,100,100,100,0,0,16,24,3,0,0,0
339,62814040,2816,1824,137,Zerg Greater Spire,11,Player 12,100,100,100,0,0,16,24,2,0,0,0
340,62814128,2240,2240,134,Zerg Nydus Canal,11,Player 12,100,100,100,0,0,16,24,3,0,0,0
341,62814216,2240,1824,137,Zerg Greater Spire,11,Player 12,100,100,100,0,0,16,24,2,0,0,0
342,62814304,1648,2240,171,Protoss Robotics Support Bay,11,Player 12,100,100,100,0,0,16,24,6,0,0,0
343,62814392,688,2032,97,Lurker Egg,11,Player 12,100,100,100,0,0,16,24,3,0,0,0
344,62814480,528,2256,215,Flag,11,Player 12,100,100,100,0,0,16,24,2,0,0,0
345,62814568,80,1808,215,Flag,11,Player 12,100,100,100,0,0,16,24,2,0,0,0
346,62814656,88,2256,215,Flag,11,Player 12,100,100,100,0,0,16,24,2,0,0,0
347,62814744,520,1808,215,Flag,11,Player 12,100,100,100,0,0,16,24,2,0,0,0
348,62814832,304,2032,13,Spider Mine,11,Player 12,100,100,100,0,0,16,24,2,0,0,0
349,62814920,496,2816,135,Zerg Hydralisk Den,11,Player 12,100,100,100,0,0,0,24,3,0,0,0
350,62815008,1072,2816,151,Zerg Cerebrate,11,Player 12,100,100,100,0,0,16,24,2,0,0,0
351,62815096,1664,2816,141,Zerg Spire,11,Player 12,100,100,100,0,0,16,24,3,0,0,0
352,62815184,1312,2816,38,Zerg Hydralisk,11,Player 12,100,100,100,0,0,16,26,2,0,0,0
353,62815272,1664,2688,103,Zerg Lurker,11,Player 12,100,100,100,0,0,16,26,2,0,0,0
354,62815360,1280,2688,3,Terran Goliath,11,Player 12,100,100,100,0,0,16,24,2,0,0,0
355,62815448,1472,2784,5,Terran Siege Tank (Tank Mode),11,Player 12,100,100,100,0,0,16,24,2,0,0,0
356,62815584,1312,2528,64,Protoss Probe,11,Player 12,100,100,100,0,0,16,24,6,0,0,0
357,62815672,1472,2656,63,Protoss Dark Archon,11,Player 12,100,100,100,0,0,16,24,14,0,0,0
358,62815760,1536,2528,79,Tassadar,11,Player 12,100,100,100,0,0,16,24,14,0,0,0
359,62815848,1376,2432,34,Terran Medic,11,Player 12,100,100,100,0,0,16,24,10,0,0,0
360,62815936,1600,2432,44,Zerg Guardian,11,Player 12,100,100,100,0,0,16,24,2,0,0,0
361,62816024,1824,2384,177,Mineral Field (Type 2),11,Player 12,100,100,100,417,0,16,24,19,0,0,0
362,62816112,1824,2480,177,Mineral Field (Type 2),11,Player 12,100,100,100,100,0,16,24,19,0,0,0
363,62816200,1824,2608,177,Mineral Field (Type 2),11,Player 12,100,100,100,201,0,16,24,19,0,0,0
364,62816288,1824,2736,177,Mineral Field (Type 2),11,Player 12,100,100,100,409,0,16,24,19,0,0,0
365,62816376,1824,2832,177,Mineral Field (Type 2),11,Player 12,100,100,100,600,0,16,24,19,0,0,0
366,62816464,1952,2384,177,Mineral Field (Type 2),11,Player 12,100,100,100,2209,0,16,24,19,0,0,0
367,62816552,2112,2384,177,Mineral Field (Type 2),11,Player 12,100,100,100,500,0,16,24,19,0,0,0
368,62816640,2240,2384,177,Mineral Field (Type 2),11,Player 12,100,100,100,2541,0,16,24,19,0,0,0
369,62816728,1952,2480,177,Mineral Field (Type 2),11,Player 12,100,100,100,306,0,16,24,19,0,0,0
370,62816816,2112,2480,177,Mineral Field (Type 2),11,Player 12,100,100,100,509,0,16,24,19,0,0,0
371,62816904,2240,2480,177,Mineral Field (Type 2),11,Player 12,100,100,100,108,0,16,24,19,0,0,0
372,62816992,2240,2608,177,Mineral Field (Type 2),11,Player 12,100,100,100,606,0,16,24,19,0,0,0
373,62817080,2112,2608,177,Mineral Field (Type 2),11,Player 12,100,100,100,1204,0,16,24,19,0,0,0
374,62817168,1952,2608,177,Mineral Field (Type 2),11,Player 12,100,100,100,25,0,16,24,19,0,0,0
375,62817256,1952,2736,177,Mineral Field (Type 2),11,Player 12,100,100,100,3100,0,16,24,19,0,0,0
376,62817344,1952,2832,177,Mineral Field (Type 2),11,Player 12,100,100,100,1700,0,16,24,19,0,0,0
377,62817432,2112,2832,177,Mineral Field (Type 2),11,Player 12,100,100,100,4735,0,16,24,19,0,0,0
378,62817520,2112,2736,177,Mineral Field (Type 2),11,Player 12,100,100,100,200,0,16,24,19,0,0,0
379,62817608,2240,2736,177,Mineral Field (Type 2),11,Player 12,100,100,100,800,0,16,24,19,0,0,0
380,62817696,2240,2832,177,Mineral Field (Type 2),11,Player 12,100,100,100,409,0,16,24,19,0,0,0
381,62817784,2800,2816,165,Protoss Templar Archives,11,Player 12,100,100,100,0,0,16,24,7,0,0,0
382,62817872,3392,2816,134,Zerg Nydus Canal,11,Player 12,100,100,100,0,0,16,24,3,0,0,0
383,62817960,3392,2400,137,Zerg Greater Spire,11,Player 12,100,100,100,0,0,16,24,2,0,0,0
384,62818048,3968,2816,134,Zerg Nydus Canal,11,Player 12,100,100,100,0,0,16,24,3,0,0,0
385,62818136,3968,2400,137,Zerg Greater Spire,11,Player 12,100,100,100,0,0,16,24,2,0,0,0
386,62818224,4544,2816,134,Zerg Nydus Canal,11,Player 12,100,100,100,0,0,16,24,3,0,0,0
387,62818312,4544,2400,137,Zerg Greater Spire,11,Player 12,100,100,100,0,0,16,24,2,0,0,0
388,62818400,5120,2816,134,Zerg Nydus Canal,11,Player 12,100,100,100,0,0,16,24,3,0,0,0
389,62818488,5120,2400,137,Zerg Greater Spire,11,Player 12,100,100,100,0,0,16,24,2,0,0,0
390,62818576,5696,2816,134,Zerg Nydus Canal,11,Player 12,100,100,100,0,0,16,24,3,0,0,0
391,62818664,5696,2400,137,Zerg Greater Spire,11,Player 12,100,100,100,0,0,16,24,2,0,0,0
